account_id,fiscal_quarter,ticket_count,avg_days_to_resolution
A0001,2025-Q1,3,5
A0001,2025-Q2,3,3.2
A0001,2025-Q3,2,3
A0001,2025-Q4,4,7
A0001,2026-Q1,4,6
A0002,2025-Q1,4,5.2
A0002,2025-Q2,6,3.8
A0002,2025-Q3,3,3
A0002,2025-Q4,8,7.4
A0002,2026-Q1,9,7.6
A0003,2025-Q1,1,4.1
A0003,2025-Q2,1,2.9
A0003,2025-Q3,2,4.5
A0003,2025-Q4,3,6.9
A0003,2026-Q1,2,5.5
A0004,2025-Q1,2,4.7
A0004,2025-Q2,3,7.2
A0005,2025-Q1,2,4.4
A0005,2025-Q2,1,3.2
A0005,2025-Q3,2,4.8
A0005,2025-Q4,1,7.2
A0005,2026-Q1,1,6.9
A0006,2025-Q1,2,4.6
A0006,2025-Q2,1,4.4
A0006,2025-Q3,2,3.9
A0006,2025-Q4,3,7.5
A0006,2026-Q1,3,6.6
A0007,2025-Q1,2,4.1
A0007,2025-Q2,2,4.2
A0007,2025-Q3,4,4.7
A0007,2025-Q4,5,6.3
A0007,2026-Q1,2,6.2
A0008,2025-Q1,0,4.6
A0008,2025-Q2,2,3
A0008,2025-Q3,1,3.3
A0008,2025-Q4,2,6.8
A0008,2026-Q1,2,7.3
A0009,2025-Q1,4,4.7
A0009,2025-Q2,2,3.4
A0009,2025-Q3,4,5.1
A0009,2025-Q4,5,6.4
A0009,2026-Q1,3,5.9
A0010,2025-Q1,1,4.8
A0010,2025-Q2,1,3.9
A0010,2025-Q3,1,3.4
A0010,2025-Q4,1,6.9
A0010,2026-Q1,2,6.6
A0011,2025-Q1,6,3.7
A0011,2025-Q2,6,3.3
A0011,2025-Q3,5,5.3
A0011,2025-Q4,4,7.2
A0011,2026-Q1,8,6.4
A0012,2025-Q1,0,2.9
A0012,2025-Q2,1,4.8
A0012,2025-Q3,1,4
A0012,2025-Q4,2,6
A0012,2026-Q1,1,6
A0013,2025-Q1,3,3.8
A0013,2025-Q2,2,3.6
A0013,2025-Q3,7,3.7
A0013,2025-Q4,3,6.8
A0013,2026-Q1,10,7
A0014,2025-Q1,2,3.1
A0014,2025-Q2,2,3.5
A0014,2025-Q3,4,3.1
A0014,2025-Q4,4,6.6
A0014,2026-Q1,3,6.3
A0015,2025-Q1,4,3.1
A0015,2025-Q2,3,4.4
A0015,2025-Q3,4,4.8
A0015,2025-Q4,6,7.3
A0015,2026-Q1,8,6.2
A0016,2025-Q1,1,2.9
A0016,2025-Q2,2,4.4
A0016,2025-Q3,1,2.9
A0016,2025-Q4,1,6.8
A0016,2026-Q1,2,5.4
A0017,2025-Q1,2,3.7
A0017,2025-Q2,1,3.9
A0017,2025-Q3,1,4.6
A0017,2025-Q4,1,6.9
A0017,2026-Q1,2,6.4
A0018,2025-Q1,1,3.7
A0018,2025-Q2,1,3.9
A0018,2025-Q3,1,3.9
A0018,2025-Q4,3,6.5
A0018,2026-Q1,3,6.3
A0019,2025-Q1,6,3.9
A0019,2025-Q2,2,4.3
A0019,2025-Q3,4,3.1
A0019,2025-Q4,7,6.8
A0019,2026-Q1,7,7.9
A0020,2025-Q1,1,4.9
A0020,2025-Q2,1,4.9
A0020,2025-Q3,1,3
A0020,2025-Q4,2,5.5
A0020,2026-Q1,2,7.3
A0021,2025-Q1,1,3.6
A0021,2025-Q2,1,3.9
A0021,2025-Q3,1,3.2
A0021,2025-Q4,2,5.7
A0021,2026-Q1,2,5.4
A0022,2025-Q1,4,3.1
A0022,2025-Q2,1,4.6
A0022,2025-Q3,3,4.5
A0022,2025-Q4,3,6.7
A0022,2026-Q1,4,7
A0023,2025-Q1,6,4.7
A0023,2025-Q2,6,5.4
A0023,2025-Q3,3,5.1
A0023,2025-Q4,3,6.8
A0023,2026-Q1,10,6.5
A0024,2025-Q1,1,3.4
A0024,2025-Q2,2,5.1
A0024,2025-Q3,1,3.8
A0024,2025-Q4,2,6.5
A0024,2026-Q1,2,6.2
A0025,2025-Q1,1,2.8
A0025,2025-Q2,1,3
A0025,2025-Q3,2,3
A0025,2025-Q4,1,6
A0025,2026-Q1,1,5.6
A0026,2025-Q1,3,3.5
A0026,2025-Q2,3,4.6
A0026,2025-Q3,2,4.7
A0026,2025-Q4,2,6.5
A0026,2026-Q1,4,8.6
A0027,2025-Q1,1,4.6
A0027,2025-Q2,1,3.8
A0027,2025-Q3,1,4.8
A0027,2025-Q4,2,6.2
A0027,2026-Q1,2,7.2
A0028,2025-Q1,1,5
A0028,2025-Q2,1,4.4
A0028,2025-Q3,1,3.2
A0028,2025-Q4,1,6.1
A0028,2026-Q1,2,6.5
A0029,2025-Q1,1,2.9
A0029,2025-Q2,5,3.4
A0029,2025-Q3,3,3.8
A0029,2025-Q4,8,7.6
A0029,2026-Q1,9,7.8
A0030,2025-Q1,2,3.6
A0030,2025-Q2,5,4.6
A0030,2025-Q3,4,3.6
A0030,2025-Q4,4,6.3
A0030,2026-Q1,4,7.3
A0031,2025-Q1,1,3.9
A0031,2025-Q2,1,3.4
A0031,2025-Q3,2,4.7
A0031,2025-Q4,2,5.8
A0031,2026-Q1,2,6.9
A0032,2025-Q1,6,5.1
A0032,2025-Q2,2,4.6
A0032,2025-Q3,2,4.4
A0032,2025-Q4,7,7.8
A0032,2026-Q1,7,5.8
A0033,2025-Q1,2,5
A0033,2025-Q2,1,4.8
A0033,2025-Q3,3,4.6
A0033,2025-Q4,1,5.6
A0033,2026-Q1,2,5.4
A0034,2025-Q1,2,4
A0034,2025-Q2,2,4.5
A0034,2025-Q3,3,4.5
A0034,2025-Q4,6,7.1
A0034,2026-Q1,4,6
A0035,2025-Q1,0,3.4
A0035,2025-Q2,1,3.5
A0035,2025-Q3,2,4.6
A0035,2025-Q4,1,5.2
A0035,2026-Q1,2,7.3
A0036,2025-Q1,1,4
A0036,2025-Q2,2,3.7
A0036,2025-Q3,2,6.8
A0037,2025-Q1,6,4.4
A0037,2025-Q2,2,4.8
A0037,2025-Q3,2,3.3
A0037,2025-Q4,3,6
A0037,2026-Q1,4,6.6
A0038,2025-Q1,2,3.3
A0038,2025-Q2,1,2.9
A0038,2025-Q3,0,4.3
A0038,2025-Q4,2,7.1
A0038,2026-Q1,1,6.7
A0039,2025-Q1,3,4.6
A0039,2025-Q2,1,3.1
A0039,2025-Q3,2,4
A0039,2025-Q4,4,5.5
A0039,2026-Q1,3,6.8
A0040,2025-Q1,1,3.4
A0040,2025-Q2,1,4.7
A0040,2025-Q3,2,3
A0040,2025-Q4,2,5.5
A0040,2026-Q1,3,6.7
A0041,2025-Q1,0,2.9
A0041,2025-Q2,1,4.6
A0041,2025-Q3,1,4.2
A0041,2025-Q4,2,6.6
A0041,2026-Q1,2,6.3
A0042,2025-Q1,2,4.6
A0042,2025-Q2,1,4
A0042,2025-Q3,2,3.5
A0042,2025-Q4,1,5.6
A0042,2026-Q1,2,6.8
A0043,2025-Q1,1,4.6
A0043,2025-Q2,3,4.1
A0043,2025-Q3,3,4.1
A0043,2025-Q4,2,5.6
A0043,2026-Q1,2,6.8
A0044,2025-Q1,4,4
A0044,2025-Q2,2,3
A0044,2025-Q3,2,4
A0044,2025-Q4,5,5.7
A0044,2026-Q1,5,7.4
A0045,2025-Q1,2,3
A0045,2025-Q2,2,4.3
A0045,2025-Q3,4,3.6
A0045,2025-Q4,3,7
A0045,2026-Q1,4,6.5
A0046,2025-Q1,2,2.9
A0046,2025-Q2,2,3.5
A0046,2025-Q3,2,4.6
A0046,2025-Q4,1,7.1
A0046,2026-Q1,2,9.7
A0047,2025-Q1,1,4.5
A0047,2025-Q2,6,3.5
A0047,2025-Q3,3,5.1
A0047,2025-Q4,5,7.5
A0047,2026-Q1,7,6.6
A0048,2025-Q1,3,3.4
A0048,2025-Q2,3,3.8
A0048,2025-Q3,2,5.1
A0048,2025-Q4,4,7
A0048,2026-Q1,4,7
A0049,2025-Q1,1,3.2
A0049,2025-Q2,2,4.7
A0049,2025-Q3,1,3.2
A0049,2025-Q4,2,5.4
A0049,2026-Q1,5,7.4
A0050,2025-Q1,3,3.1
A0050,2025-Q2,2,4.6
A0050,2025-Q3,2,3.9
A0050,2025-Q4,2,6.4
A0050,2026-Q1,3,6.1
A0051,2025-Q1,1,5
A0051,2025-Q2,4,4.2
A0051,2025-Q3,6,3.9
A0051,2025-Q4,5,5.9
A0051,2026-Q1,9,7
A0052,2025-Q1,4,3.4
A0052,2025-Q2,6,3.7
A0052,2025-Q3,4,4.9
A0052,2025-Q4,6,7.6
A0052,2026-Q1,5,5.6
A0053,2025-Q1,1,4.7
A0053,2025-Q2,0,3.7
A0053,2025-Q3,1,3.4
A0053,2025-Q4,1,5.4
A0053,2026-Q1,1,5.6
A0054,2025-Q1,1,4.8
A0054,2025-Q2,1,3.7
A0054,2025-Q3,1,3.3
A0054,2025-Q4,0,6.1
A0054,2026-Q1,1,5.2
A0055,2025-Q1,2,3.1
A0055,2025-Q2,4,3.8
A0055,2025-Q3,5,3.8
A0055,2025-Q4,6,6.2
A0055,2026-Q1,5,6.2
A0056,2025-Q1,3,3.2
A0056,2025-Q2,3,3.2
A0056,2025-Q3,2,3.9
A0056,2025-Q4,4,7.5
A0056,2026-Q1,4,5.7
A0057,2025-Q1,2,3.9
A0057,2025-Q2,1,3.2
A0057,2025-Q3,1,3
A0057,2025-Q4,2,6
A0057,2026-Q1,2,7.4
A0058,2025-Q1,2,3.9
A0058,2025-Q2,1,2.8
A0058,2025-Q3,2,3
A0058,2025-Q4,2,6.1
A0058,2026-Q1,2,7.2
A0059,2025-Q1,4,4.9
A0059,2025-Q2,2,3.6
A0059,2025-Q3,2,3.3
A0059,2025-Q4,2,6.2
A0059,2026-Q1,2,6.9
A0060,2025-Q1,3,3.9
A0060,2025-Q2,7,3.6
A0060,2025-Q3,3,4.5
A0060,2025-Q4,8,6.2
A0060,2026-Q1,6,6.7
A0061,2025-Q1,1,3.1
A0061,2025-Q2,3,3.5
A0061,2025-Q3,3,3.7
A0061,2025-Q4,3,7.5
A0061,2026-Q1,3,7.6
A0062,2025-Q1,2,4.3
A0062,2025-Q2,2,4.7
A0062,2025-Q3,2,4.2
A0062,2025-Q4,2,6.4
A0062,2026-Q1,6,10.2
A0063,2025-Q1,3,3.5
A0063,2025-Q2,4,4.6
A0063,2025-Q3,3,4.4
A0063,2025-Q4,8,6.6
A0063,2026-Q1,9,7.3
A0064,2025-Q1,0,3.4
A0064,2025-Q2,1,4.9
A0064,2025-Q3,1,3.2
A0064,2025-Q4,2,6.1
A0064,2026-Q1,2,6.1
A0065,2025-Q1,1,3
A0065,2025-Q2,1,4.8
A0065,2025-Q3,0,2.8
A0065,2025-Q4,2,5.9
A0065,2026-Q1,1,5.9
A0066,2025-Q1,3,4
A0066,2025-Q2,2,4.3
A0066,2025-Q3,1,3.1
A0066,2025-Q4,1,6.5
A0066,2026-Q1,3,6.9
A0067,2025-Q1,5,4.3
A0067,2025-Q2,6,4.1
A0067,2025-Q3,4,4.9
A0067,2025-Q4,6,6.3
A0067,2026-Q1,5,6.9
A0068,2025-Q1,1,4.7
A0068,2025-Q2,4,3.7
A0068,2025-Q3,5,4.3
A0068,2025-Q4,3,5.6
A0068,2026-Q1,2,7.1
A0069,2025-Q1,3,3.6
A0069,2025-Q2,1,4.9
A0069,2025-Q3,2,3
A0069,2025-Q4,3,6
A0069,2026-Q1,2,7.2
A0070,2025-Q1,2,4.2
A0070,2025-Q2,1,3.7
A0070,2025-Q3,2,3.2
A0070,2025-Q4,1,6
A0070,2026-Q1,1,7.1
A0071,2025-Q1,4,5.1
A0071,2025-Q2,4,4.7
A0071,2025-Q3,3,3.6
A0071,2025-Q4,5,5.6
A0071,2026-Q1,2,5.8
A0072,2025-Q1,3,4.6
A0072,2025-Q2,2,3.5
A0072,2025-Q3,1,3.2
A0072,2025-Q4,2,5.8
A0072,2026-Q1,3,7.2
A0073,2025-Q1,8,4.5
A0073,2025-Q2,2,3.5
A0073,2025-Q3,3,4.4
A0073,2025-Q4,3,6.3
A0073,2026-Q1,4,6.1
A0074,2025-Q1,3,4.7
A0074,2025-Q2,1,4.7
A0074,2025-Q3,4,4.8
A0074,2025-Q4,5,6.5
A0074,2026-Q1,5,7.1
A0075,2025-Q1,2,4.9
A0075,2025-Q2,1,3.3
A0075,2025-Q3,2,3.9
A0075,2025-Q4,3,6.4
A0075,2026-Q1,2,6.6
A0076,2025-Q1,1,3.4
A0076,2025-Q2,2,4.2
A0076,2025-Q3,1,3.7
A0076,2025-Q4,1,7
A0076,2026-Q1,2,6
A0077,2025-Q1,1,4.2
A0077,2025-Q2,1,3.5
A0077,2025-Q3,1,4.2
A0077,2025-Q4,2,6.7
A0077,2026-Q1,2,6.9
A0078,2025-Q1,4,4.3
A0078,2025-Q2,5,5.3
A0078,2025-Q3,6,5.2
A0078,2025-Q4,7,6
A0078,2026-Q1,6,6.5
A0079,2025-Q1,2,3.7
A0079,2025-Q2,1,2.9
A0079,2025-Q3,1,2.9
A0079,2025-Q4,2,6.9
A0079,2026-Q1,5,8.9
A0080,2025-Q1,3,4.1
A0080,2025-Q2,3,3.1
A0080,2025-Q3,4,3.5
A0080,2025-Q4,4,5.8
A0080,2026-Q1,4,6.2
A0081,2025-Q1,2,4.2
A0081,2025-Q2,3,4.3
A0081,2025-Q3,3,3.7
A0081,2025-Q4,2,5.9
A0081,2026-Q1,3,5.8
A0082,2025-Q1,2,4.4
A0082,2025-Q2,1,3.3
A0082,2025-Q3,1,4.2
A0082,2025-Q4,3,5.6
A0082,2026-Q1,1,5.3
A0083,2025-Q1,6,4.1
A0083,2025-Q2,4,3.6
A0083,2025-Q3,5,4
A0083,2025-Q4,8,6.1
A0083,2026-Q1,7,6.3
A0084,2025-Q1,3,3.7
A0084,2025-Q2,1,3.8
A0084,2025-Q3,1,3.8
A0084,2025-Q4,1,7
A0084,2026-Q1,3,6.3
A0085,2025-Q1,3,4.2
A0085,2025-Q2,4,3.6
A0085,2025-Q3,2,3.4
A0085,2025-Q4,2,6.2
A0085,2026-Q1,5,6.5
A0086,2025-Q1,4,4.2
A0086,2025-Q2,3,3.4
A0086,2025-Q3,5,3.8
A0086,2025-Q4,3,7.3
A0086,2026-Q1,8,7.7
A0087,2025-Q1,3,3
A0087,2025-Q2,2,4.3
A0087,2025-Q3,4,4
A0087,2025-Q4,8,7.9
A0087,2026-Q1,7,7.9
A0088,2025-Q1,3,3.2
A0088,2025-Q2,2,4.3
A0088,2025-Q3,7,5
A0088,2025-Q4,4,7.3
A0088,2026-Q1,7,6.6
A0089,2025-Q1,1,3.4
A0089,2025-Q2,1,3.5
A0089,2025-Q3,1,4.8
A0089,2025-Q4,1,5.4
A0089,2026-Q1,2,5.3
A0090,2025-Q1,3,4.8
A0090,2025-Q2,6,5.2
A0090,2025-Q3,3,3.4
A0090,2025-Q4,9,7.6
A0090,2026-Q1,4,7.4
A0091,2025-Q1,4,4.1
A0091,2025-Q2,3,3.5
A0091,2025-Q3,2,4.1
A0091,2025-Q4,4,7.4
A0091,2026-Q1,4,7.6
A0092,2025-Q1,6,3.6
A0092,2025-Q2,5,4.1
A0092,2025-Q3,6,3.8
A0092,2025-Q4,3,5.9
A0092,2026-Q1,8,6.6
A0093,2025-Q1,1,4.3
A0093,2025-Q2,1,4.6
A0093,2025-Q3,1,2.8
A0093,2025-Q4,1,5.8
A0093,2026-Q1,2,6.4
A0094,2025-Q1,2,4.3
A0094,2025-Q2,2,4.7
A0094,2025-Q3,1,3.2
A0094,2025-Q4,2,7.2
A0094,2026-Q1,2,5.5
A0095,2025-Q1,2,3.3
A0095,2025-Q2,1,3.8
A0095,2025-Q3,1,4.3
A0095,2025-Q4,2,5.9
A0095,2026-Q1,1,5.2
A0096,2025-Q1,1,4.6
A0096,2025-Q2,6,4.1
A0096,2025-Q3,4,3.3
A0096,2025-Q4,4,7.2
A0096,2026-Q1,3,7.5
A0097,2025-Q1,2,3
A0097,2025-Q2,1,3
A0097,2025-Q3,1,3.3
A0097,2025-Q4,1,6.2
A0097,2026-Q1,2,6.7
A0098,2025-Q1,0,3
A0098,2025-Q2,3,7.3
A0099,2025-Q1,2,4.7
A0099,2025-Q2,3,3.6
A0099,2025-Q3,4,3.1
A0099,2025-Q4,4,7.6
A0099,2026-Q1,5,6
A0100,2025-Q1,1,3.6
A0100,2025-Q2,1,3.8
A0100,2025-Q3,2,3.7
A0100,2025-Q4,2,6.9
A0100,2026-Q1,2,7.2
A0101,2025-Q1,2,4.2
A0101,2025-Q2,4,5
A0101,2025-Q3,4,4.6
A0101,2025-Q4,4,6
A0101,2026-Q1,4,6.5
A0102,2025-Q1,2,4.3
A0102,2025-Q2,3,3.6
A0102,2025-Q3,3,4.6
A0102,2025-Q4,4,5.7
A0102,2026-Q1,3,6.9
A0103,2025-Q1,2,4.1
A0103,2025-Q2,1,4.6
A0103,2025-Q3,2,3.9
A0103,2025-Q4,2,6.8
A0103,2026-Q1,2,6.4
A0104,2025-Q1,1,2.9
A0104,2025-Q2,2,3.7
A0104,2025-Q3,1,3.7
A0104,2025-Q4,1,5.6
A0104,2026-Q1,2,7.3
A0105,2025-Q1,3,5.1
A0105,2025-Q2,2,3.1
A0105,2025-Q3,3,4.8
A0105,2025-Q4,3,7.2
A0105,2026-Q1,3,6.8
A0106,2025-Q1,1,2.8
A0106,2025-Q2,0,3.1
A0106,2025-Q3,1,4.7
A0106,2025-Q4,2,5.9
A0106,2026-Q1,1,6
A0107,2025-Q1,3,3.7
A0107,2025-Q2,1,4.3
A0107,2025-Q3,1,4.4
A0107,2025-Q4,2,6.4
A0107,2026-Q1,2,6.1
A0108,2025-Q1,1,3.7
A0108,2025-Q2,3,4.3
A0108,2025-Q3,3,3.4
A0108,2025-Q4,3,5.8
A0108,2026-Q1,1,6.8
A0109,2025-Q1,3,4
A0109,2025-Q2,4,3.5
A0109,2025-Q3,4,3.1
A0109,2025-Q4,8,7.8
A0109,2026-Q1,3,7.5
A0110,2025-Q1,1,3.7
A0110,2025-Q2,2,4.4
A0110,2025-Q3,2,5
A0110,2025-Q4,5,7
A0110,2026-Q1,5,6.8
A0111,2025-Q1,0,3.3
A0111,2025-Q2,1,3.8
A0111,2025-Q3,2,4.9
A0111,2025-Q4,1,6.7
A0111,2026-Q1,1,7.3
A0112,2025-Q1,2,4.7
A0112,2025-Q2,2,3.5
A0112,2025-Q3,1,4.9
A0112,2025-Q4,2,5.8
A0112,2026-Q1,3,7.5
A0113,2025-Q1,3,4.5
A0113,2025-Q2,3,3.5
A0113,2025-Q3,4,3.4
A0113,2025-Q4,2,6.9
A0113,2026-Q1,3,7.2
A0114,2025-Q1,1,4.2
A0114,2025-Q2,1,4.5
A0114,2025-Q3,2,3.8
A0114,2025-Q4,2,6.5
A0114,2026-Q1,2,6.8
A0115,2025-Q1,1,3
A0115,2025-Q2,2,2.9
A0115,2025-Q3,2,4.7
A0115,2025-Q4,3,7.4
A0115,2026-Q1,1,7
A0116,2025-Q1,1,4.4
A0116,2025-Q2,1,4.8
A0116,2025-Q3,2,4.2
A0116,2025-Q4,1,5.8
A0116,2026-Q1,2,5.5
A0117,2025-Q1,1,4
A0117,2025-Q2,2,4.6
A0117,2025-Q3,2,4.4
A0117,2025-Q4,1,6
A0117,2026-Q1,2,5.7
A0118,2025-Q1,6,3.4
A0118,2025-Q2,7,4.2
A0118,2025-Q3,7,4.2
A0118,2025-Q4,4,6.8
A0118,2026-Q1,7,5.9
A0119,2025-Q1,2,6
A0120,2025-Q1,0,4.4
A0120,2025-Q2,1,5
A0120,2025-Q3,2,4.6
A0120,2025-Q4,1,6.2
A0120,2026-Q1,2,7
A0121,2025-Q1,2,3.1
A0121,2025-Q2,6,4.6
A0121,2025-Q3,6,4.8
A0121,2025-Q4,5,6.9
A0121,2026-Q1,8,6.5
A0122,2025-Q1,1,2.9
A0122,2025-Q2,1,4.4
A0122,2025-Q3,3,5
A0122,2025-Q4,2,6.5
A0122,2026-Q1,2,5.3
A0123,2025-Q1,1,4.4
A0123,2025-Q2,2,5.1
A0123,2025-Q3,2,4.5
A0123,2025-Q4,1,5.8
A0123,2026-Q1,1,6
A0124,2025-Q1,2,4.2
A0124,2025-Q2,2,3.9
A0124,2025-Q3,1,4.7
A0124,2025-Q4,2,5.9
A0124,2026-Q1,1,7.2
A0125,2025-Q1,1,4.9
A0125,2025-Q2,1,3.4
A0125,2025-Q3,3,3.7
A0125,2025-Q4,2,5.6
A0125,2026-Q1,7,7.4
A0126,2025-Q1,1,4.5
A0126,2025-Q2,1,3.1
A0126,2025-Q3,1,3.9
A0126,2025-Q4,2,6.3
A0126,2026-Q1,1,6.9
A0127,2025-Q1,1,3
A0127,2025-Q2,1,3.9
A0127,2025-Q3,1,4
A0127,2025-Q4,2,7.4
A0127,2026-Q1,1,5.8
A0128,2025-Q1,6,4.1
A0128,2025-Q2,2,4.6
A0128,2025-Q3,4,3.7
A0128,2025-Q4,5,6
A0128,2026-Q1,6,5.8
A0129,2025-Q1,1,3.3
A0129,2025-Q2,2,4.9
A0129,2025-Q3,1,4.6
A0129,2025-Q4,1,6.6
A0129,2026-Q1,2,7.2
A0130,2025-Q1,2,4.4
A0130,2025-Q2,2,4
A0130,2025-Q3,1,4.9
A0130,2025-Q4,2,6.1
A0130,2026-Q1,2,7.3
A0131,2025-Q1,5,4.2
A0131,2025-Q2,6,5.4
A0131,2025-Q3,7,3.6
A0131,2025-Q4,6,7.8
A0131,2026-Q1,5,7.4
A0132,2025-Q1,1,4.8
A0132,2025-Q2,1,4.7
A0132,2025-Q3,1,3.7
A0132,2025-Q4,1,7
A0132,2026-Q1,2,6.5
A0133,2025-Q1,1,3.6
A0133,2025-Q2,1,3.6
A0133,2025-Q3,1,3.2
A0133,2025-Q4,2,5.5
A0133,2026-Q1,2,5.9
A0134,2025-Q1,1,4.8
A0134,2025-Q2,1,3.6
A0134,2025-Q3,3,4.6
A0134,2025-Q4,2,5.8
A0134,2026-Q1,5,6.5
A0135,2025-Q1,1,4.7
A0135,2025-Q2,3,3.3
A0135,2025-Q3,1,5
A0135,2025-Q4,3,5.7
A0135,2026-Q1,3,7.2
A0136,2025-Q1,1,3.1
A0136,2025-Q2,2,3.7
A0136,2025-Q3,2,3
A0136,2025-Q4,4,6.3
A0136,2026-Q1,2,6.2
A0137,2025-Q1,1,3.1
A0137,2025-Q2,1,4.5
A0137,2025-Q3,2,3.7
A0137,2025-Q4,1,6.5
A0137,2026-Q1,2,6.2
A0138,2025-Q1,2,4.3
A0138,2025-Q2,1,4
A0138,2025-Q3,1,2.9
A0138,2025-Q4,2,6.2
A0138,2026-Q1,2,6.1
A0139,2025-Q1,1,3.9
A0139,2025-Q2,1,4.8
A0139,2025-Q3,2,4.1
A0139,2025-Q4,3,5.6
A0139,2026-Q1,5,6.9
A0140,2025-Q1,3,4.9
A0140,2025-Q2,4,4.3
A0140,2025-Q3,2,4.8
A0140,2025-Q4,5,6.5
A0140,2026-Q1,5,6.4
A0141,2025-Q1,2,4.8
A0141,2025-Q2,1,3.6
A0141,2025-Q3,1,4.5
A0141,2025-Q4,2,6
A0141,2026-Q1,1,7.4
A0142,2025-Q1,1,3.2
A0142,2025-Q2,1,4.6
A0142,2025-Q3,1,4
A0142,2025-Q4,1,7.1
A0142,2026-Q1,2,6.7
A0143,2025-Q1,1,4.6
A0143,2025-Q2,1,4.9
A0143,2025-Q3,4,4.1
A0143,2025-Q4,3,6.2
A0143,2026-Q1,4,6
A0144,2025-Q1,1,4.9
A0144,2025-Q2,2,4.8
A0144,2025-Q3,2,3.7
A0144,2025-Q4,2,6.7
A0144,2026-Q1,2,6.7
A0145,2025-Q1,1,4.4
A0145,2025-Q2,2,4.5
A0145,2025-Q3,2,4.2
A0145,2025-Q4,2,5.5
A0145,2026-Q1,3,7.4
A0146,2025-Q1,1,4.8
A0146,2025-Q2,2,4.8
A0146,2025-Q3,2,4.3
A0146,2025-Q4,1,6.4
A0146,2026-Q1,4,10
A0147,2025-Q1,4,3.9
A0147,2025-Q2,3,3.2
A0147,2025-Q3,7,3.3
A0147,2025-Q4,6,5.7
A0147,2026-Q1,4,6
A0148,2025-Q1,1,4.5
A0148,2025-Q2,2,4.8
A0148,2025-Q3,1,3.5
A0148,2025-Q4,1,5.5
A0148,2026-Q1,2,5.5
A0149,2025-Q1,2,3
A0149,2025-Q2,1,4.4
A0149,2025-Q3,1,3.2
A0149,2025-Q4,1,5.5
A0149,2026-Q1,3,9.8
A0150,2025-Q1,2,3.8
A0150,2025-Q2,2,4
A0150,2025-Q3,2,3.9
A0150,2025-Q4,4,6.6
A0150,2026-Q1,2,5.9
A0151,2025-Q1,5,3.2
A0151,2025-Q2,2,4.1
A0151,2025-Q3,2,5
A0151,2025-Q4,2,5.7
A0151,2026-Q1,2,7.4
A0152,2025-Q1,1,3.8
A0152,2025-Q2,2,4.1
A0152,2025-Q3,3,4.7
A0152,2025-Q4,3,6
A0152,2026-Q1,5,6.8
A0153,2025-Q1,4,4.3
A0153,2025-Q2,1,3.7
A0153,2025-Q3,1,4.4
A0153,2025-Q4,2,5.5
A0153,2026-Q1,2,5.9
A0154,2025-Q1,4,3.8
A0154,2025-Q2,5,4.8
A0154,2025-Q3,7,4.5
A0154,2025-Q4,2,6.8
A0154,2026-Q1,8,6.9
A0155,2025-Q1,5,4.7
A0155,2025-Q2,5,5
A0155,2025-Q3,5,4.6
A0155,2025-Q4,6,7.2
A0155,2026-Q1,4,6.7
A0156,2025-Q1,1,3.9
A0156,2025-Q2,1,3.4
A0156,2025-Q3,1,4.2
A0156,2025-Q4,5,6.8
A0156,2026-Q1,4,6.5
A0157,2025-Q1,2,3.9
A0157,2025-Q2,1,4.9
A0157,2025-Q3,2,5
A0157,2025-Q4,3,7.3
A0157,2026-Q1,2,6.8
A0158,2025-Q1,1,4.7
A0158,2025-Q2,1,3.5
A0158,2025-Q3,1,3.2
A0158,2025-Q4,1,5.9
A0158,2026-Q1,2,6.1
A0159,2025-Q1,2,4.8
A0159,2025-Q2,2,4.4
A0159,2025-Q3,2,3.3
A0159,2025-Q4,3,6.5
A0159,2026-Q1,2,6.6
A0160,2025-Q1,3,4.3
A0160,2025-Q2,5,4.2
A0160,2025-Q3,2,4.7
A0160,2025-Q4,2,6.3
A0160,2026-Q1,7,6.3
A0161,2025-Q1,6,4.4
A0161,2025-Q2,4,5
A0161,2025-Q3,3,4.2
A0161,2025-Q4,8,5.9
A0161,2026-Q1,8,7.5
A0162,2025-Q1,1,3.3
A0162,2025-Q2,2,6.9
A0163,2025-Q1,1,4
A0163,2025-Q2,1,4.2
A0163,2025-Q3,1,4.6
A0163,2025-Q4,2,5.5
A0163,2026-Q1,2,5.4
A0164,2025-Q1,2,4.8
A0164,2025-Q2,5,4.6
A0164,2025-Q3,4,4.8
A0164,2025-Q4,4,6.9
A0164,2026-Q1,10,7.3
A0165,2025-Q1,1,2.8
A0165,2025-Q2,1,3.8
A0165,2025-Q3,1,3.5
A0165,2025-Q4,1,5.7
A0165,2026-Q1,1,7.2
A0166,2025-Q1,1,3.2
A0166,2025-Q2,1,3.8
A0166,2025-Q3,1,4.6
A0166,2025-Q4,1,5.2
A0166,2026-Q1,3,9.3
A0167,2025-Q1,3,4
A0167,2025-Q2,5,4.3
A0167,2025-Q3,6,4.7
A0167,2025-Q4,5,6.7
A0167,2026-Q1,6,6.4
A0168,2025-Q1,2,4.7
A0168,2025-Q2,1,4.8
A0168,2025-Q3,2,3.5
A0168,2025-Q4,1,6.6
A0168,2026-Q1,3,5.6
A0169,2025-Q1,5,4.8
A0169,2025-Q2,6,4.9
A0169,2025-Q3,4,3.8
A0169,2025-Q4,5,6.9
A0169,2026-Q1,6,7.1
A0170,2025-Q1,1,4.2
A0170,2025-Q2,1,3.2
A0170,2025-Q3,1,3.1
A0170,2025-Q4,1,7.1
A0170,2026-Q1,2,6.4
A0171,2025-Q1,1,3.2
A0171,2025-Q2,2,3.4
A0171,2025-Q3,1,3.1
A0171,2025-Q4,1,5.9
A0171,2026-Q1,1,6.9
A0172,2025-Q1,2,4.2
A0172,2025-Q2,3,3.5
A0172,2025-Q3,3,3.7
A0172,2025-Q4,2,5.6
A0172,2026-Q1,2,6.1
A0173,2025-Q1,5,4.2
A0173,2025-Q2,4,3.9
A0173,2025-Q3,2,4.6
A0173,2025-Q4,6,6
A0173,2026-Q1,4,7
A0174,2025-Q1,1,4
A0174,2025-Q2,2,3.1
A0174,2025-Q3,2,4
A0174,2025-Q4,2,7
A0174,2026-Q1,2,5.7
A0175,2025-Q1,4,5.1
A0175,2025-Q2,5,3.4
A0175,2025-Q3,4,3.6
A0175,2025-Q4,9,6.7
A0175,2026-Q1,7,7.6
A0176,2025-Q1,1,3.1
A0176,2025-Q2,1,3.3
A0176,2025-Q3,1,4.3
A0176,2025-Q4,1,6.5
A0176,2026-Q1,1,7.2
A0177,2025-Q1,1,4.4
A0177,2025-Q2,8,5.4
A0177,2025-Q3,9,4.8
A0177,2025-Q4,4,7.6
A0177,2026-Q1,7,6.4
A0178,2025-Q1,1,4.7
A0178,2025-Q2,1,4
A0178,2025-Q3,2,3
A0178,2025-Q4,2,6.8
A0178,2026-Q1,1,5.7
A0179,2025-Q1,4,4.6
A0179,2025-Q2,4,3.8
A0179,2025-Q3,4,3.3
A0179,2025-Q4,3,7.3
A0179,2026-Q1,4,6.2
A0180,2025-Q1,3,3.3
A0180,2025-Q2,2,3.7
A0180,2025-Q3,4,5
A0180,2025-Q4,7,6.9
A0180,2026-Q1,6,6.9
A0181,2025-Q1,3,3.1
A0181,2025-Q2,4,3.9
A0181,2025-Q3,4,3.2
A0181,2025-Q4,3,5.9
A0181,2026-Q1,5,6
A0182,2025-Q1,1,4.3
A0182,2025-Q2,2,3.5
A0182,2025-Q3,2,4
A0182,2025-Q4,2,6.5
A0182,2026-Q1,1,5.6
A0183,2025-Q1,1,3.8
A0183,2025-Q2,1,3.3
A0183,2025-Q3,1,5
A0183,2025-Q4,1,5.7
A0183,2026-Q1,2,7.1
A0184,2025-Q1,2,5
A0184,2025-Q2,1,4.9
A0184,2025-Q3,4,3.6
A0184,2025-Q4,1,7.4
A0184,2026-Q1,2,6.8
A0185,2025-Q1,3,4.9
A0185,2025-Q2,3,4.4
A0185,2025-Q3,3,3.8
A0185,2025-Q4,2,7.1
A0185,2026-Q1,5,7.6
A0186,2025-Q1,2,5
A0186,2025-Q2,0,2.8
A0186,2025-Q3,1,4.5
A0186,2025-Q4,2,7.3
A0186,2026-Q1,2,6.5
A0187,2025-Q1,1,4.3
A0187,2025-Q2,3,5.2
A0187,2025-Q3,3,5.1
A0187,2025-Q4,5,6.8
A0187,2026-Q1,3,6.9
A0188,2025-Q1,4,4.1
A0188,2025-Q2,6,4.2
A0188,2025-Q3,6,3.7
A0188,2025-Q4,7,7.3
A0188,2026-Q1,8,7.2
A0189,2025-Q1,2,4.2
A0189,2025-Q2,4,4.3
A0189,2025-Q3,4,3.5
A0189,2025-Q4,3,6.9
A0189,2026-Q1,3,7.4
A0190,2025-Q1,2,4.2
A0190,2025-Q2,1,3.3
A0190,2025-Q3,0,3.5
A0190,2025-Q4,1,5.9
A0190,2026-Q1,3,8.2
A0191,2025-Q1,1,3.7
A0191,2025-Q2,2,2.9
A0191,2025-Q3,1,4
A0191,2025-Q4,3,7.3
A0191,2026-Q1,3,7
A0192,2025-Q1,2,4.9
A0192,2025-Q2,5,4.8
A0192,2025-Q3,3,4.7
A0192,2025-Q4,7,6.2
A0192,2026-Q1,5,7.4
A0193,2025-Q1,1,3.7
A0193,2025-Q2,2,3.4
A0193,2025-Q3,2,2.9
A0193,2025-Q4,2,6.1
A0193,2026-Q1,2,5.6
A0194,2025-Q1,1,4.8
A0194,2025-Q2,1,3.1
A0194,2025-Q3,0,3.3
A0194,2025-Q4,2,6.6
A0194,2026-Q1,2,6.4
A0195,2025-Q1,2,4.5
A0195,2025-Q2,1,3.1
A0195,2025-Q3,1,3.2
A0195,2025-Q4,1,5.2
A0195,2026-Q1,1,7
A0196,2025-Q1,1,3.4
A0196,2025-Q2,1,3.4
A0196,2025-Q3,1,3
A0196,2025-Q4,1,7
A0196,2026-Q1,2,6.6
A0197,2025-Q1,3,3.7
A0197,2025-Q2,2,3.8
A0197,2025-Q3,2,3.5
A0197,2025-Q4,1,6.3
A0197,2026-Q1,2,6.5
A0198,2025-Q1,1,4.1
A0198,2025-Q2,2,3.5
A0198,2025-Q3,3,4
A0198,2025-Q4,4,7.6
A0198,2026-Q1,4,6.9
A0199,2025-Q1,1,3.9
A0199,2025-Q2,2,3.8
A0199,2025-Q3,2,3
A0199,2025-Q4,3,5.9
A0199,2026-Q1,1,5.2
A0200,2025-Q1,1,3.3
A0200,2025-Q2,2,4.4
A0200,2025-Q3,1,4
A0200,2025-Q4,1,5.2
A0200,2026-Q1,4,9.4
A0201,2025-Q1,1,4.5
A0201,2025-Q2,2,3.4
A0201,2025-Q3,2,4.2
A0201,2025-Q4,1,7.1
A0201,2026-Q1,1,5.7
A0202,2025-Q1,1,4.6
A0202,2025-Q2,1,4.8
A0202,2025-Q3,2,3.5
A0202,2025-Q4,3,5.5
A0202,2026-Q1,5,6.6
A0203,2025-Q1,1,4.8
A0203,2025-Q2,1,4.6
A0203,2025-Q3,1,2.8
A0203,2025-Q4,1,7.3
A0203,2026-Q1,2,6.4
A0204,2025-Q1,1,2.8
A0204,2025-Q2,1,2.9
A0204,2025-Q3,1,3.5
A0204,2025-Q4,1,5.4
A0204,2026-Q1,2,6.7
A0205,2025-Q1,5,3.9
A0205,2025-Q2,4,5
A0205,2025-Q3,5,4.4
A0205,2025-Q4,4,7.3
A0205,2026-Q1,6,6.1
A0206,2025-Q1,1,3.6
A0206,2025-Q2,4,3.7
A0206,2025-Q3,1,2.8
A0206,2025-Q4,6,7.7
A0206,2026-Q1,3,6.8
A0207,2025-Q1,1,3.6
A0207,2025-Q2,1,2.9
A0207,2025-Q3,1,4.3
A0207,2025-Q4,2,5.9
A0207,2026-Q1,2,6.1
A0208,2025-Q1,1,4.2
A0208,2025-Q2,3,3
A0208,2025-Q3,5,7.3
A0209,2025-Q1,2,2.9
A0209,2025-Q2,1,2.9
A0209,2025-Q3,1,4.4
A0209,2025-Q4,4,10.4
A0210,2025-Q1,1,3.9
A0210,2025-Q2,2,3.7
A0210,2025-Q3,1,4.5
A0210,2025-Q4,1,6.2
A0210,2026-Q1,2,6.2
A0211,2025-Q1,3,3
A0211,2025-Q2,4,3.3
A0211,2025-Q3,6,3.9
A0211,2025-Q4,4,7
A0211,2026-Q1,4,7.4
A0212,2025-Q1,3,3.4
A0212,2025-Q2,4,5.1
A0212,2025-Q3,3,4.7
A0212,2025-Q4,6,6.7
A0212,2026-Q1,8,6.3
A0213,2025-Q1,2,4.4
A0213,2025-Q2,1,4.6
A0213,2025-Q3,1,4.9
A0213,2025-Q4,2,5.5
A0213,2026-Q1,3,9.4
A0214,2025-Q1,1,3.8
A0214,2025-Q2,2,3.3
A0214,2025-Q3,1,3.1
A0214,2025-Q4,2,6.8
A0214,2026-Q1,2,5.9
A0215,2025-Q1,2,3.5
A0215,2025-Q2,5,4.4
A0215,2025-Q3,2,3.5
A0215,2025-Q4,6,6.2
A0215,2026-Q1,8,8.8
A0216,2025-Q1,2,4.8
A0216,2025-Q2,8,4.3
A0216,2025-Q3,4,4.3
A0216,2025-Q4,9,7.3
A0216,2026-Q1,5,6.7
A0217,2025-Q1,2,4.3
A0217,2025-Q2,1,4.7
A0217,2025-Q3,1,3.7
A0217,2025-Q4,1,6.7
A0217,2026-Q1,2,5.6
A0218,2025-Q1,1,3.2
A0218,2025-Q2,3,3.4
A0218,2025-Q3,6,3.5
A0218,2025-Q4,5,5.7
A0218,2026-Q1,2,7.2
A0219,2025-Q1,1,4.7
A0219,2025-Q2,1,3
A0219,2025-Q3,1,4
A0219,2025-Q4,2,7
A0219,2026-Q1,2,7.3
A0220,2025-Q1,1,4.4
A0220,2025-Q2,2,3.1
A0220,2025-Q3,2,4.7
A0220,2025-Q4,1,6.5
A0220,2026-Q1,1,6
A0221,2025-Q1,3,5.1
A0221,2025-Q2,2,3.4
A0221,2025-Q3,2,4.4
A0221,2025-Q4,7,6.6
A0221,2026-Q1,9,7.7
A0222,2025-Q1,2,4.5
A0222,2025-Q2,1,4
A0222,2025-Q3,1,4.3
A0222,2025-Q4,2,6.1
A0222,2026-Q1,2,7.3
A0223,2025-Q1,2,5
A0223,2025-Q2,1,3.5
A0223,2025-Q3,1,4.2
A0223,2025-Q4,1,7.2
A0223,2026-Q1,2,7.4
A0224,2025-Q1,1,2.9
A0224,2025-Q2,2,4.5
A0224,2025-Q3,1,3.3
A0224,2025-Q4,2,5.5
A0224,2026-Q1,3,6.4
A0225,2025-Q1,2,3.8
A0225,2025-Q2,2,4.1
A0225,2025-Q3,1,2.9
A0225,2025-Q4,2,5.4
A0225,2026-Q1,2,6.7
A0226,2025-Q1,3,5
A0226,2025-Q2,4,4.9
A0226,2025-Q3,1,3.6
A0226,2025-Q4,2,7.3
A0226,2026-Q1,4,6.2
A0227,2025-Q1,3,3.4
A0227,2025-Q2,3,3.7
A0227,2025-Q3,4,4.2
A0227,2025-Q4,4,6.9
A0227,2026-Q1,4,6.9
A0228,2025-Q1,3,6.7
A0229,2025-Q1,6,3.6
A0229,2025-Q2,4,4.8
A0229,2025-Q3,3,4
A0229,2025-Q4,9,6.4
A0229,2026-Q1,7,7.4
A0230,2025-Q1,2,3.3
A0230,2025-Q2,2,3.1
A0230,2025-Q3,1,3.8
A0230,2025-Q4,1,5.9
A0230,2026-Q1,3,7
A0231,2025-Q1,2,4.3
A0231,2025-Q2,1,2.8
A0231,2025-Q3,2,3.1
A0231,2025-Q4,1,5.8
A0231,2026-Q1,2,5.3
A0232,2025-Q1,1,4.8
A0232,2025-Q2,1,3.9
A0232,2025-Q3,1,5
A0232,2025-Q4,2,6.8
A0232,2026-Q1,2,7
A0233,2025-Q1,5,4.5
A0233,2025-Q2,4,5.1
A0233,2025-Q3,2,3.3
A0233,2025-Q4,6,7.4
A0233,2026-Q1,8,8
A0234,2025-Q1,4,4.8
A0234,2025-Q2,5,4.9
A0234,2025-Q3,5,3.2
A0234,2025-Q4,7,8.8
A0235,2025-Q1,10,8.4
A0236,2025-Q1,3,3.3
A0236,2025-Q2,2,4.2
A0236,2025-Q3,3,3.6
A0236,2025-Q4,2,7.1
A0236,2026-Q1,4,5.7
A0237,2025-Q1,1,4.9
A0237,2025-Q2,2,5
A0237,2025-Q3,1,3.2
A0237,2025-Q4,1,7.2
A0237,2026-Q1,2,6
A0238,2025-Q1,1,4.2
A0238,2025-Q2,6,5.4
A0238,2025-Q3,6,3.7
A0238,2025-Q4,13,10.8
A0239,2025-Q1,1,4.3
A0239,2025-Q2,1,4.9
A0239,2025-Q3,2,3.2
A0239,2025-Q4,2,9.2
A0240,2025-Q1,1,4.1
A0240,2025-Q2,1,3.4
A0240,2025-Q3,1,3.1
A0240,2025-Q4,2,6.7
A0240,2026-Q1,1,6
A0241,2025-Q1,2,5
A0241,2025-Q2,1,3.4
A0241,2025-Q3,2,4
A0241,2025-Q4,1,5.4
A0241,2026-Q1,2,7.1
A0242,2025-Q1,1,4.9
A0242,2025-Q2,3,4.7
A0242,2025-Q3,1,3.1
A0242,2025-Q4,1,6.9
A0242,2026-Q1,7,10.2
A0243,2025-Q1,1,3.3
A0243,2025-Q2,1,4.2
A0243,2025-Q3,1,4
A0243,2025-Q4,1,7.3
A0243,2026-Q1,4,9.5
A0244,2025-Q1,2,4.5
A0244,2025-Q2,0,4.5
A0244,2025-Q3,2,4.4
A0244,2025-Q4,2,5.3
A0244,2026-Q1,2,5.7
A0245,2025-Q1,1,3.6
A0245,2025-Q2,1,4.4
A0245,2025-Q3,2,3.7
A0245,2025-Q4,3,7.4
A0245,2026-Q1,2,6.4
A0246,2025-Q1,3,4.3
A0246,2025-Q2,2,3.8
A0246,2025-Q3,1,4.3
A0246,2025-Q4,2,5.8
A0246,2026-Q1,5,6.3
A0247,2025-Q1,5,4.5
A0247,2025-Q2,5,4.3
A0247,2025-Q3,2,4.2
A0247,2025-Q4,3,6.3
A0247,2026-Q1,6,5.8
A0248,2025-Q1,1,4.4
A0248,2025-Q2,2,4.9
A0248,2025-Q3,1,4.9
A0248,2025-Q4,2,7
A0248,2026-Q1,2,6
A0249,2025-Q1,2,3.3
A0249,2025-Q2,2,4.2
A0249,2025-Q3,3,3.4
A0249,2025-Q4,3,7.1
A0249,2026-Q1,4,6.7
A0250,2025-Q1,6,3.8
A0250,2025-Q2,6,4.2
A0250,2025-Q3,5,3.4
A0250,2025-Q4,6,7.1
A0250,2026-Q1,6,7.8
A0251,2025-Q1,1,4.4
A0251,2025-Q2,1,4.8
A0251,2025-Q3,1,4.8
A0251,2025-Q4,1,6.6
A0251,2026-Q1,2,7.1
A0252,2025-Q1,1,3.2
A0252,2025-Q2,1,3.7
A0252,2025-Q3,2,4.9
A0252,2025-Q4,2,5.9
A0252,2026-Q1,3,6.5
A0253,2025-Q1,2,5
A0253,2025-Q2,2,3.5
A0253,2025-Q3,3,4.8
A0253,2025-Q4,6,5.6
A0253,2026-Q1,4,6.5
A0254,2025-Q1,1,4.1
A0254,2025-Q2,1,4.8
A0254,2025-Q3,2,3.2
A0254,2025-Q4,2,5.7
A0254,2026-Q1,3,5.7
A0255,2025-Q1,1,4.8
A0255,2025-Q2,1,2.8
A0255,2025-Q3,2,4.8
A0255,2025-Q4,1,6.6
A0255,2026-Q1,2,7.3
A0256,2025-Q1,1,3.6
A0256,2025-Q2,2,3
A0256,2025-Q3,2,4.4
A0256,2025-Q4,5,6.9
A0256,2026-Q1,4,6.1
A0257,2025-Q1,2,4.9
A0257,2025-Q2,2,4.3
A0257,2025-Q3,2,3.3
A0257,2025-Q4,2,6
A0257,2026-Q1,2,7.4
A0258,2025-Q1,1,3.8
A0258,2025-Q2,1,3
A0258,2025-Q3,2,3.1
A0258,2025-Q4,2,7.4
A0258,2026-Q1,1,7
A0259,2025-Q1,1,3.5
A0259,2025-Q2,1,3.2
A0259,2025-Q3,1,4.1
A0259,2025-Q4,2,6.2
A0259,2026-Q1,2,7
A0260,2025-Q1,4,4.8
A0260,2025-Q2,3,3.1
A0260,2025-Q3,5,3.3
A0260,2025-Q4,3,7
A0260,2026-Q1,5,7.3
A0261,2025-Q1,5,3.7
A0261,2025-Q2,5,5.2
A0261,2025-Q3,1,4.9
A0261,2025-Q4,5,6.9
A0261,2026-Q1,4,5.7
A0262,2025-Q1,0,4.3
A0262,2025-Q2,1,4.4
A0262,2025-Q3,2,4.8
A0262,2025-Q4,1,5.7
A0262,2026-Q1,1,6.8
A0263,2025-Q1,4,3.1
A0263,2025-Q2,3,4.6
A0263,2025-Q3,4,3.6
A0263,2025-Q4,3,6
A0263,2026-Q1,4,6.3
A0264,2025-Q1,4,4.5
A0264,2025-Q2,4,3.1
A0264,2025-Q3,5,5.2
A0264,2025-Q4,6,7.3
A0264,2026-Q1,5,5.6
A0265,2025-Q1,1,4.8
A0265,2025-Q2,0,3.4
A0265,2025-Q3,1,3.9
A0265,2025-Q4,2,6.5
A0265,2026-Q1,1,5.5
A0266,2025-Q1,3,4.2
A0266,2025-Q2,2,4.5
A0266,2025-Q3,2,4.4
A0266,2025-Q4,2,6.4
A0266,2026-Q1,2,7.1
A0267,2025-Q1,1,4.7
A0267,2025-Q2,1,4.2
A0267,2025-Q3,1,3.1
A0267,2025-Q4,1,6
A0267,2026-Q1,2,6.4
A0268,2025-Q1,2,2.9
A0268,2025-Q2,2,5
A0268,2025-Q3,2,3.2
A0268,2025-Q4,2,5.5
A0268,2026-Q1,2,5.8
A0269,2025-Q1,0,3.8
A0269,2025-Q2,1,4
A0269,2025-Q3,1,3.4
A0269,2025-Q4,2,6.6
A0269,2026-Q1,2,7
A0270,2025-Q1,1,4.8
A0270,2025-Q2,1,4.7
A0270,2025-Q3,1,4
A0270,2025-Q4,2,7.3
A0270,2026-Q1,3,5.4
A0271,2025-Q1,2,4.1
A0271,2025-Q2,2,3.7
A0271,2025-Q3,1,4.9
A0271,2025-Q4,1,6.2
A0271,2026-Q1,2,6.9
A0272,2025-Q1,2,4.3
A0272,2025-Q2,2,4.3
A0272,2025-Q3,2,4.9
A0272,2025-Q4,2,7.3
A0272,2026-Q1,3,6.6
A0273,2025-Q1,0,2.9
A0273,2025-Q2,1,2.8
A0273,2025-Q3,1,3.5
A0273,2025-Q4,2,6.9
A0273,2026-Q1,1,7
A0274,2025-Q1,1,2.8
A0274,2025-Q2,1,4.3
A0274,2025-Q3,3,3
A0274,2025-Q4,4,7.5
A0274,2026-Q1,4,6.4
A0275,2025-Q1,1,2.9
A0275,2025-Q2,1,3.5
A0275,2025-Q3,1,2.8
A0275,2025-Q4,1,6.6
A0275,2026-Q1,1,7.2
A0276,2025-Q1,1,4.4
A0276,2025-Q2,1,3.8
A0276,2025-Q3,1,4.9
A0276,2025-Q4,2,7.3
A0276,2026-Q1,2,6.1
A0277,2025-Q1,3,3.6
A0277,2025-Q2,5,4.2
A0277,2025-Q3,4,4
A0277,2025-Q4,4,6
A0277,2026-Q1,5,6.6
A0278,2025-Q1,1,4.8
A0278,2025-Q2,3,3.6
A0278,2025-Q3,2,3.9
A0278,2025-Q4,2,5.3
A0278,2026-Q1,2,5.4
A0279,2025-Q1,5,4.7
A0279,2025-Q2,2,4.6
A0279,2025-Q3,1,3.4
A0279,2025-Q4,4,6.4
A0279,2026-Q1,5,5.7
A0280,2025-Q1,1,4
A0280,2025-Q2,3,4.7
A0280,2025-Q3,3,3.7
A0280,2025-Q4,4,6.9
A0280,2026-Q1,4,7.1
A0281,2025-Q1,1,4.6
A0281,2025-Q2,4,3.5
A0281,2025-Q3,3,4
A0281,2025-Q4,3,7
A0281,2026-Q1,3,6.5
A0282,2025-Q1,1,3.3
A0282,2025-Q2,2,4.5
A0282,2025-Q3,2,4.5
A0282,2025-Q4,2,6.2
A0282,2026-Q1,1,6.6
A0283,2025-Q1,2,3.1
A0283,2025-Q2,3,5
A0283,2025-Q3,3,4.8
A0283,2025-Q4,3,6.6
A0283,2026-Q1,3,5.7
A0284,2025-Q1,1,4
A0284,2025-Q2,1,4.6
A0284,2025-Q3,2,4.7
A0284,2025-Q4,2,5.9
A0284,2026-Q1,3,6.2
A0285,2025-Q1,1,2.9
A0285,2025-Q2,1,3.3
A0285,2025-Q3,1,2.9
A0285,2025-Q4,1,5.5
A0285,2026-Q1,2,7.2
A0286,2025-Q1,2,3.3
A0286,2025-Q2,7,4.2
A0286,2025-Q3,4,4.2
A0286,2025-Q4,4,6.1
A0286,2026-Q1,5,6.1
A0287,2025-Q1,2,3.9
A0287,2025-Q2,4,3.2
A0287,2025-Q3,4,3.4
A0287,2025-Q4,2,7
A0287,2026-Q1,4,5.9
A0288,2025-Q1,3,4.5
A0288,2025-Q2,4,4.5
A0288,2025-Q3,1,4.9
A0288,2025-Q4,2,5.3
A0288,2026-Q1,3,6.8
A0289,2025-Q1,1,4.8
A0289,2025-Q2,0,4.6
A0289,2025-Q3,1,3.7
A0289,2025-Q4,2,6.4
A0289,2026-Q1,3,8.4
A0290,2025-Q1,5,3.5
A0290,2025-Q2,5,4.4
A0290,2025-Q3,3,3.7
A0290,2025-Q4,8,5.9
A0290,2026-Q1,4,6.6
A0291,2025-Q1,3,3.3
A0291,2025-Q2,1,3.5
A0291,2025-Q3,2,3.5
A0291,2025-Q4,2,7.4
A0291,2026-Q1,1,5.4
A0292,2025-Q1,1,3.1
A0292,2025-Q2,2,4.4
A0292,2025-Q3,2,4.1
A0292,2025-Q4,0,6.7
A0292,2026-Q1,1,5.6
A0293,2025-Q1,1,3.6
A0293,2025-Q2,3,3.7
A0293,2025-Q3,2,4
A0293,2025-Q4,2,7.2
A0293,2026-Q1,3,7
A0294,2025-Q1,1,4.1
A0294,2025-Q2,4,4.4
A0294,2025-Q3,6,3.4
A0294,2025-Q4,4,6.6
A0294,2026-Q1,8,6.2
A0295,2025-Q1,2,3
A0295,2025-Q2,2,4.7
A0295,2025-Q3,3,4.2
A0295,2025-Q4,2,7.3
A0295,2026-Q1,2,5.8
A0296,2025-Q1,2,5.8
A0297,2025-Q1,1,3.4
A0297,2025-Q2,1,4.1
A0297,2025-Q3,2,3.7
A0297,2025-Q4,1,7.2
A0297,2026-Q1,2,6.1
A0298,2025-Q1,1,4.9
A0298,2025-Q2,1,3.2
A0298,2025-Q3,2,4.3
A0298,2025-Q4,2,7.4
A0298,2026-Q1,1,5.7
A0299,2025-Q1,2,4.2
A0299,2025-Q2,2,4
A0299,2025-Q3,1,3.8
A0299,2025-Q4,1,6.4
A0299,2026-Q1,2,7.1
A0300,2025-Q1,2,3.9
A0300,2025-Q2,2,4.7
A0300,2025-Q3,1,2.9
A0300,2025-Q4,2,5.6
A0300,2026-Q1,1,5.6
A0301,2025-Q1,1,3.5
A0301,2025-Q2,1,3.7
A0301,2025-Q3,1,3.7
A0301,2025-Q4,1,5.8
A0301,2026-Q1,3,5.7
A0302,2025-Q1,1,2.9
A0302,2025-Q2,2,4.4
A0302,2025-Q3,1,3.9
A0302,2025-Q4,2,6.9
A0302,2026-Q1,2,5.5
A0303,2025-Q1,5,3.9
A0303,2025-Q2,3,4.1
A0303,2025-Q3,5,3.8
A0303,2025-Q4,4,6.6
A0303,2026-Q1,4,5.7
A0304,2025-Q1,1,3.1
A0304,2025-Q2,3,3.9
A0304,2025-Q3,3,4
A0304,2025-Q4,5,7.5
A0304,2026-Q1,3,6.3
A0305,2025-Q1,1,4.6
A0305,2025-Q2,2,4.5
A0305,2025-Q3,1,2.9
A0305,2025-Q4,1,5.2
A0305,2026-Q1,1,5.2
A0306,2025-Q1,6,3.8
A0306,2025-Q2,8,5.2
A0306,2025-Q3,4,3.7
A0306,2025-Q4,4,5.8
A0306,2026-Q1,10,6.9
A0307,2025-Q1,5,4.5
A0307,2025-Q2,5,3.6
A0307,2025-Q3,4,3.6
A0307,2025-Q4,6,6.7
A0307,2026-Q1,6,7.5
A0308,2025-Q1,1,3.9
A0308,2025-Q2,1,4.6
A0308,2025-Q3,2,3
A0308,2025-Q4,3,6.6
A0308,2026-Q1,3,5.9
A0309,2025-Q1,3,4
A0309,2025-Q2,2,3.7
A0309,2025-Q3,3,4.7
A0309,2025-Q4,2,6.3
A0309,2026-Q1,2,5.4
A0310,2025-Q1,4,5.2
A0310,2025-Q2,3,3.5
A0310,2025-Q3,7,5.1
A0310,2025-Q4,8,7.9
A0310,2026-Q1,4,5.6
A0311,2025-Q1,1,5
A0311,2025-Q2,2,4.3
A0311,2025-Q3,0,4.2
A0311,2025-Q4,2,6
A0311,2026-Q1,2,5.4
A0312,2025-Q1,1,4.3
A0312,2025-Q2,3,3.9
A0312,2025-Q3,1,3.1
A0312,2025-Q4,2,6.4
A0312,2026-Q1,3,5.4
A0313,2025-Q1,4,5.1
A0313,2025-Q2,4,3.3
A0313,2025-Q3,3,4.7
A0313,2025-Q4,2,6.1
A0313,2026-Q1,4,7.1
A0314,2025-Q1,3,5.1
A0314,2025-Q2,2,4.4
A0314,2025-Q3,3,3.9
A0314,2025-Q4,3,6.6
A0314,2026-Q1,7,10
A0315,2025-Q1,2,4.9
A0315,2025-Q2,2,4.4
A0315,2025-Q3,2,5
A0315,2025-Q4,1,5.5
A0315,2026-Q1,2,6.1
A0316,2025-Q1,3,4.2
A0316,2025-Q2,4,4
A0316,2025-Q3,5,4.7
A0316,2025-Q4,2,6.6
A0316,2026-Q1,6,5.9
A0317,2025-Q1,1,3.9
A0317,2025-Q2,1,4.3
A0317,2025-Q3,2,3.5
A0317,2025-Q4,1,6.3
A0317,2026-Q1,2,6.8
A0318,2025-Q1,4,3.7
A0318,2025-Q2,2,5.1
A0318,2025-Q3,3,4.5
A0318,2025-Q4,3,5.8
A0318,2026-Q1,3,7
A0319,2025-Q1,2,4.1
A0319,2025-Q2,1,3.6
A0319,2025-Q3,1,5
A0319,2025-Q4,2,7.5
A0319,2026-Q1,5,9.6
A0320,2025-Q1,1,4.2
A0320,2025-Q2,1,3.9
A0320,2025-Q3,1,4.8
A0320,2025-Q4,2,5.4
A0320,2026-Q1,1,7.1
A0321,2025-Q1,2,3.5
A0321,2025-Q2,1,4.4
A0321,2025-Q3,2,3.5
A0321,2025-Q4,2,6.3
A0321,2026-Q1,1,7.1
A0322,2025-Q1,5,3.4
A0322,2025-Q2,4,3.6
A0322,2025-Q3,3,3.9
A0322,2025-Q4,6,6.1
A0322,2026-Q1,5,7.1
A0323,2025-Q1,6,3.8
A0323,2025-Q2,7,4.4
A0323,2025-Q3,5,5
A0323,2025-Q4,8,6.9
A0323,2026-Q1,6,7.7
A0324,2025-Q1,4,4.4
A0324,2025-Q2,3,3.3
A0324,2025-Q3,11,8.5
A0325,2025-Q1,2,2.9
A0325,2025-Q2,1,4.2
A0325,2025-Q3,3,4.2
A0325,2025-Q4,3,5.6
A0325,2026-Q1,3,7
A0326,2025-Q1,3,5
A0326,2025-Q2,2,3.2
A0326,2025-Q3,6,3.9
A0326,2025-Q4,6,7.6
A0326,2026-Q1,10,6.1
A0327,2025-Q1,5,3.9
A0327,2025-Q2,6,4.7
A0327,2025-Q3,5,4.3
A0327,2025-Q4,8,5.9
A0327,2026-Q1,7,7.7
A0328,2025-Q1,0,3.1
A0328,2025-Q2,2,3.3
A0328,2025-Q3,1,3.3
A0328,2025-Q4,2,6.9
A0328,2026-Q1,2,7.5
A0329,2025-Q1,2,3.1
A0329,2025-Q2,3,3.1
A0329,2025-Q3,1,4.2
A0329,2025-Q4,4,6.3
A0329,2026-Q1,4,5.8
A0330,2025-Q1,1,3.6
A0330,2025-Q2,3,3.3
A0330,2025-Q3,5,4.9
A0330,2025-Q4,5,6.8
A0330,2026-Q1,3,6.7
A0331,2025-Q1,1,4.6
A0331,2025-Q2,3,3
A0331,2025-Q3,2,3.9
A0331,2025-Q4,3,6.4
A0331,2026-Q1,6,6.7
A0332,2025-Q1,3,4.1
A0332,2025-Q2,3,5
A0332,2025-Q3,3,4.5
A0332,2025-Q4,5,6.5
A0332,2026-Q1,6,6.1
A0333,2025-Q1,3,4.2
A0333,2025-Q2,4,3.7
A0333,2025-Q3,2,4.8
A0333,2025-Q4,2,6
A0333,2026-Q1,2,6.6
A0334,2025-Q1,2,4
A0334,2025-Q2,1,3.9
A0334,2025-Q3,1,4
A0334,2025-Q4,1,5.5
A0334,2026-Q1,2,6.2
A0335,2025-Q1,2,3.7
A0335,2025-Q2,2,4.1
A0335,2025-Q3,7,4
A0335,2025-Q4,7,5.9
A0335,2026-Q1,5,6.9
A0336,2025-Q1,1,3.2
A0336,2025-Q2,1,4.9
A0336,2025-Q3,1,3.3
A0336,2025-Q4,2,7.1
A0336,2026-Q1,1,6.1
A0337,2025-Q1,2,3.1
A0337,2025-Q2,1,3
A0337,2025-Q3,2,3.2
A0337,2025-Q4,1,5.6
A0337,2026-Q1,1,6
A0338,2025-Q1,2,4
A0338,2025-Q2,1,3.8
A0338,2025-Q3,2,4.8
A0338,2025-Q4,2,5.6
A0338,2026-Q1,1,6.7
A0339,2025-Q1,2,3.8
A0339,2025-Q2,1,3.8
A0339,2025-Q3,1,4.9
A0339,2025-Q4,2,5.7
A0339,2026-Q1,1,5.3
A0340,2025-Q1,3,3.6
A0340,2025-Q2,6,4.6
A0340,2025-Q3,4,3.2
A0340,2025-Q4,6,6.5
A0340,2026-Q1,6,6.2
A0341,2025-Q1,2,4.6
A0341,2025-Q2,1,2.9
A0341,2025-Q3,2,4.2
A0341,2025-Q4,3,5.8
A0341,2026-Q1,2,5.7
A0342,2025-Q1,1,3
A0342,2025-Q2,1,3.6
A0342,2025-Q3,3,4.3
A0342,2025-Q4,4,6.8
A0342,2026-Q1,2,5.8
A0343,2025-Q1,7,7.7
A0344,2025-Q1,2,5
A0344,2025-Q2,2,4.9
A0344,2025-Q3,2,4.6
A0344,2025-Q4,4,7.1
A0344,2026-Q1,3,6.2
A0345,2025-Q1,1,4.3
A0345,2025-Q2,1,3.1
A0345,2025-Q3,2,4.9
A0345,2025-Q4,2,5.6
A0345,2026-Q1,1,6.1
A0346,2025-Q1,2,4.1
A0346,2025-Q2,1,4.9
A0346,2025-Q3,2,3.5
A0346,2025-Q4,2,7.3
A0346,2026-Q1,2,7.1
A0347,2025-Q1,1,3.9
A0347,2025-Q2,4,4.2
A0347,2025-Q3,3,3.2
A0347,2025-Q4,6,6.6
A0347,2026-Q1,4,6.8
A0348,2025-Q1,0,4.3
A0348,2025-Q2,1,4.6
A0348,2025-Q3,2,3.9
A0348,2025-Q4,1,7.3
A0348,2026-Q1,3,6.8
A0349,2025-Q1,1,3
A0349,2025-Q2,3,3.1
A0349,2025-Q3,4,5
A0349,2025-Q4,10,7.1
A0349,2026-Q1,9,7.7
A0350,2025-Q1,3,5
A0350,2025-Q2,2,4
A0350,2025-Q3,5,5
A0350,2025-Q4,5,6
A0350,2026-Q1,3,6.6
A0351,2025-Q1,0,3.1
A0351,2025-Q2,0,3.6
A0351,2025-Q3,1,5
A0351,2025-Q4,1,5.3
A0351,2026-Q1,3,9.3
A0352,2025-Q1,2,5.1
A0352,2025-Q2,2,4.2
A0352,2025-Q3,1,4.6
A0352,2025-Q4,2,6.6
A0352,2026-Q1,3,7.4
A0353,2025-Q1,0,4.3
A0353,2025-Q2,1,3.1
A0353,2025-Q3,1,3.1
A0353,2025-Q4,1,6
A0353,2026-Q1,1,6.1
A0354,2025-Q1,1,4.6
A0354,2025-Q2,3,4.1
A0354,2025-Q3,4,4.3
A0354,2025-Q4,4,7.3
A0354,2026-Q1,8,10.6
A0355,2025-Q1,5,3.9
A0355,2025-Q2,7,4.1
A0355,2025-Q3,3,4.7
A0355,2025-Q4,4,7.6
A0355,2026-Q1,8,6.2
A0356,2025-Q1,3,3.8
A0356,2025-Q2,1,3.3
A0356,2025-Q3,3,3.9
A0356,2025-Q4,3,6.7
A0356,2026-Q1,3,7.2
A0357,2025-Q1,1,4.6
A0357,2025-Q2,2,4.3
A0357,2025-Q3,1,3.1
A0357,2025-Q4,1,5.6
A0357,2026-Q1,1,6.1
A0358,2025-Q1,1,3.6
A0358,2025-Q2,2,4.6
A0358,2025-Q3,2,2.9
A0358,2025-Q4,4,5.9
A0358,2026-Q1,4,7.2
A0359,2025-Q1,7,4.2
A0359,2025-Q2,4,4.5
A0359,2025-Q3,4,4.6
A0359,2025-Q4,6,7.2
A0359,2026-Q1,6,7
A0360,2025-Q1,0,2.9
A0360,2025-Q2,1,4.4
A0360,2025-Q3,2,2.9
A0360,2025-Q4,2,6.8
A0360,2026-Q1,3,5.9
A0361,2025-Q1,0,3.5
A0361,2025-Q2,2,2.9
A0361,2025-Q3,1,3.9
A0361,2025-Q4,2,6.7
A0361,2026-Q1,1,5.5
A0362,2025-Q1,3,4.5
A0362,2025-Q2,4,4
A0362,2025-Q3,4,3.7
A0362,2025-Q4,6,5.9
A0362,2026-Q1,8,7.8
A0363,2025-Q1,2,3.7
A0363,2025-Q2,1,4
A0363,2025-Q3,1,4.6
A0363,2025-Q4,1,5.9
A0363,2026-Q1,1,7
A0364,2025-Q1,1,4.6
A0364,2025-Q2,0,3.1
A0364,2025-Q3,1,3.2
A0364,2025-Q4,3,7.4
A0364,2026-Q1,2,7.4
A0365,2025-Q1,2,2.9
A0365,2025-Q2,0,4.8
A0365,2025-Q3,1,3.8
A0365,2025-Q4,2,6.9
A0365,2026-Q1,1,7
A0366,2025-Q1,1,4.8
A0366,2025-Q2,1,3.7
A0366,2025-Q3,1,3.4
A0366,2025-Q4,3,7
A0366,2026-Q1,2,6.9
A0367,2025-Q1,2,3.6
A0367,2025-Q2,1,4.3
A0367,2025-Q3,3,3.6
A0367,2025-Q4,4,6.9
A0367,2026-Q1,3,6.8
A0368,2025-Q1,2,3.5
A0368,2025-Q2,1,4.3
A0368,2025-Q3,1,4.8
A0368,2025-Q4,2,5.6
A0368,2026-Q1,2,7.5
A0369,2025-Q1,2,4.3
A0369,2025-Q2,1,3.1
A0369,2025-Q3,2,3.4
A0369,2025-Q4,2,5.6
A0369,2026-Q1,3,5.4
A0370,2025-Q1,1,2.8
A0370,2025-Q2,1,3.3
A0370,2025-Q3,2,3.9
A0370,2025-Q4,2,5.6
A0370,2026-Q1,1,7
A0371,2025-Q1,2,3.8
A0371,2025-Q2,1,4.2
A0371,2025-Q3,1,3.8
A0371,2025-Q4,1,5.7
A0371,2026-Q1,2,5.6
A0372,2025-Q1,1,4.8
A0372,2025-Q2,1,3
A0372,2025-Q3,2,3.3
A0372,2025-Q4,1,6
A0372,2026-Q1,2,5.3
A0373,2025-Q1,1,3.2
A0373,2025-Q2,0,4
A0373,2025-Q3,1,3.6
A0373,2025-Q4,1,5.6
A0373,2026-Q1,1,6
A0374,2025-Q1,1,3
A0374,2025-Q2,1,3.2
A0374,2025-Q3,2,4.4
A0374,2025-Q4,1,6.5
A0374,2026-Q1,1,6
A0375,2025-Q1,2,3.6
A0375,2025-Q2,5,4.2
A0375,2025-Q3,3,3.4
A0375,2025-Q4,10,8.2
A0375,2026-Q1,5,6.2
A0376,2025-Q1,3,4.1
A0376,2025-Q2,6,7.4
A0377,2025-Q1,2,3.3
A0377,2025-Q2,2,3.2
A0377,2025-Q3,1,4.8
A0377,2025-Q4,1,6.1
A0377,2026-Q1,2,6.2
A0378,2025-Q1,0,3.6
A0378,2025-Q2,1,4
A0378,2025-Q3,1,4.6
A0378,2025-Q4,1,7
A0378,2026-Q1,3,6.1
A0379,2025-Q1,2,4.2
A0379,2025-Q2,2,5
A0379,2025-Q3,0,2.9
A0379,2025-Q4,1,5.7
A0379,2026-Q1,2,6
A0380,2025-Q1,6,4.5
A0380,2025-Q2,7,3.8
A0380,2025-Q3,4,3.7
A0380,2025-Q4,8,6.6
A0380,2026-Q1,9,6.4
A0381,2025-Q1,2,4
A0381,2025-Q2,0,3.9
A0381,2025-Q3,1,3.9
A0381,2025-Q4,2,5.7
A0381,2026-Q1,1,6.9
A0382,2025-Q1,1,3.1
A0382,2025-Q2,2,4
A0382,2025-Q3,1,3.7
A0382,2025-Q4,2,7
A0382,2026-Q1,1,6.8
A0383,2025-Q1,3,3.9
A0383,2025-Q2,4,6.1
A0384,2025-Q1,3,3.8
A0384,2025-Q2,4,5.1
A0384,2025-Q3,3,3.4
A0384,2025-Q4,3,6.3
A0384,2026-Q1,5,6
A0385,2025-Q1,1,3.4
A0385,2025-Q2,0,3.3
A0385,2025-Q3,1,3.5
A0385,2025-Q4,1,6.6
A0385,2026-Q1,1,5.2
A0386,2025-Q1,2,3.1
A0386,2025-Q2,2,3
A0386,2025-Q3,2,3.2
A0386,2025-Q4,4,6.1
A0386,2026-Q1,2,6.8
A0387,2025-Q1,3,3.6
A0387,2025-Q2,4,4.6
A0387,2025-Q3,2,3.4
A0387,2025-Q4,4,5.8
A0387,2026-Q1,4,5.7
A0388,2025-Q1,5,5.3
A0388,2025-Q2,4,5.1
A0388,2025-Q3,6,3.9
A0388,2025-Q4,2,6.5
A0388,2026-Q1,5,6.4
A0389,2025-Q1,1,2.9
A0389,2025-Q2,1,4
A0389,2025-Q3,1,4.1
A0389,2025-Q4,1,6.9
A0389,2026-Q1,1,5.9
A0390,2025-Q1,2,4.7
A0390,2025-Q2,1,3
A0390,2025-Q3,4,4.6
A0390,2025-Q4,9,10.6
A0391,2025-Q1,2,4.5
A0391,2025-Q2,4,4.1
A0391,2025-Q3,5,5
A0391,2025-Q4,7,6.2
A0391,2026-Q1,9,6.9
A0392,2025-Q1,5,4.5
A0392,2025-Q2,3,3.8
A0392,2025-Q3,7,4.8
A0392,2025-Q4,4,6.6
A0392,2026-Q1,3,7.1
A0393,2025-Q1,1,3.2
A0393,2025-Q2,4,4.4
A0393,2025-Q3,5,5
A0393,2025-Q4,3,5.6
A0393,2026-Q1,3,6
A0394,2025-Q1,1,3.3
A0394,2025-Q2,2,4.9
A0394,2025-Q3,1,3.7
A0394,2025-Q4,4,9.4
A0395,2025-Q1,2,5
A0395,2025-Q2,2,2.9
A0395,2025-Q3,1,4.3
A0395,2025-Q4,3,5.8
A0395,2026-Q1,2,5.3
A0396,2025-Q1,3,4
A0396,2025-Q2,6,4.9
A0396,2025-Q3,2,4.1
A0396,2025-Q4,6,6.4
A0396,2026-Q1,7,6.6
A0397,2025-Q1,1,4.9
A0397,2025-Q2,1,4.4
A0397,2025-Q3,1,4.5
A0397,2025-Q4,4,9.9
A0398,2025-Q1,5,5.1
A0398,2025-Q2,2,4.3
A0398,2025-Q3,2,4.7
A0398,2025-Q4,7,7.7
A0398,2026-Q1,8,7.6
A0399,2025-Q1,1,4.9
A0399,2025-Q2,2,4
A0399,2025-Q3,2,5
A0399,2025-Q4,3,7.5
A0399,2026-Q1,4,6.8
A0400,2025-Q1,2,3.3
A0400,2025-Q2,1,4.4
A0400,2025-Q3,1,3.4
A0400,2025-Q4,2,7
A0400,2026-Q1,1,6.7
A0401,2025-Q1,1,4.5
A0401,2025-Q2,1,4.5
A0401,2025-Q3,2,3.5
A0401,2025-Q4,1,5.6
A0401,2026-Q1,1,5.9
A0402,2025-Q1,2,5.1
A0402,2025-Q2,3,3.3
A0402,2025-Q3,4,4.7
A0402,2025-Q4,4,6.1
A0402,2026-Q1,4,7.6
A0403,2025-Q1,3,4.5
A0403,2025-Q2,2,4.3
A0403,2025-Q3,3,4
A0403,2025-Q4,2,5.5
A0403,2026-Q1,2,6.3
A0404,2025-Q1,1,4.3
A0404,2025-Q2,3,4.8
A0404,2025-Q3,4,4.9
A0404,2025-Q4,6,6.4
A0404,2026-Q1,4,6.2
A0405,2025-Q1,2,5.1
A0405,2025-Q2,1,3.8
A0405,2025-Q3,1,3.3
A0405,2025-Q4,2,6.4
A0405,2026-Q1,1,5.2
A0406,2025-Q1,1,4.4
A0406,2025-Q2,1,4
A0406,2025-Q3,2,4
A0406,2025-Q4,2,6.1
A0406,2026-Q1,4,10.2
A0407,2025-Q1,1,4.5
A0407,2025-Q2,5,4.5
A0407,2025-Q3,5,4.7
A0407,2025-Q4,4,5.9
A0407,2026-Q1,7,5.9
A0408,2025-Q1,2,4
A0408,2025-Q2,1,3.4
A0408,2025-Q3,2,4
A0408,2025-Q4,1,7.2
A0408,2026-Q1,3,10
A0409,2025-Q1,3,3.4
A0409,2025-Q2,4,4
A0409,2025-Q3,4,3.8
A0409,2025-Q4,5,5.9
A0409,2026-Q1,4,5.6
A0410,2025-Q1,2,3.5
A0410,2025-Q2,5,5.3
A0410,2025-Q3,6,3.9
A0410,2025-Q4,6,5.9
A0410,2026-Q1,3,7.3
A0411,2025-Q1,1,3.3
A0411,2025-Q2,2,3.4
A0411,2025-Q3,1,4.1
A0411,2025-Q4,1,6.1
A0411,2026-Q1,2,5.9
A0412,2025-Q1,3,3.7
A0412,2025-Q2,4,4.7
A0412,2025-Q3,3,3.1
A0412,2025-Q4,5,7.6
A0412,2026-Q1,3,7.6
A0413,2025-Q1,0,4.9
A0413,2025-Q2,2,5
A0413,2025-Q3,2,4.4
A0413,2025-Q4,2,6
A0413,2026-Q1,2,5.7
A0414,2025-Q1,3,3.2
A0414,2025-Q2,3,3.9
A0414,2025-Q3,1,4.9
A0414,2025-Q4,4,7.5
A0414,2026-Q1,5,6.7
A0415,2025-Q1,3,4
A0415,2025-Q2,3,3.5
A0415,2025-Q3,4,4.1
A0415,2025-Q4,3,5.4
A0415,2026-Q1,4,5.7
A0416,2025-Q1,1,2.9
A0416,2025-Q2,1,4.6
A0416,2025-Q3,2,3.6
A0416,2025-Q4,1,5.3
A0416,2026-Q1,2,6
A0417,2025-Q1,1,3.2
A0417,2025-Q2,2,3
A0417,2025-Q3,0,3.7
A0417,2025-Q4,2,7.5
A0417,2026-Q1,1,5.8
A0418,2025-Q1,1,3.4
A0418,2025-Q2,2,2.9
A0418,2025-Q3,2,3.5
A0418,2025-Q4,2,5.3
A0418,2026-Q1,2,6.5
A0419,2025-Q1,2,2.9
A0419,2025-Q2,2,4.1
A0419,2025-Q3,1,3.3
A0419,2025-Q4,2,6.3
A0419,2026-Q1,2,5.7
A0420,2025-Q1,1,3
A0420,2025-Q2,0,3.9
A0420,2025-Q3,2,4.9
A0420,2025-Q4,1,5.9
A0420,2026-Q1,2,5.9
A0421,2025-Q1,3,4.9
A0421,2025-Q2,5,3.7
A0421,2025-Q3,3,3.6
A0421,2025-Q4,8,7.6
A0421,2026-Q1,7,7.2
A0422,2025-Q1,1,4.5
A0422,2025-Q2,2,3.8
A0422,2025-Q3,2,3.1
A0422,2025-Q4,1,6.2
A0422,2026-Q1,2,7.1
A0423,2025-Q1,1,3.4
A0423,2025-Q2,1,3.1
A0423,2025-Q3,1,4.8
A0423,2025-Q4,2,5.6
A0423,2026-Q1,1,6.1
A0424,2025-Q1,1,3.1
A0424,2025-Q2,1,3.8
A0424,2025-Q3,1,3.6
A0424,2025-Q4,1,5.3
A0424,2026-Q1,2,7.4
A0425,2025-Q1,1,4.1
A0425,2025-Q2,2,3
A0425,2025-Q3,1,3.6
A0425,2025-Q4,2,5.4
A0425,2026-Q1,2,7.4
A0426,2025-Q1,2,4.7
A0426,2025-Q2,2,3.9
A0426,2025-Q3,2,3.5
A0426,2025-Q4,6,7.8
A0426,2026-Q1,6,6.7
A0427,2025-Q1,1,3.9
A0427,2025-Q2,2,5
A0427,2025-Q3,2,3.4
A0427,2025-Q4,4,6.2
A0427,2026-Q1,1,6.2
A0428,2025-Q1,3,4.9
A0428,2025-Q2,1,3.5
A0428,2025-Q3,2,3.1
A0428,2025-Q4,1,6.4
A0428,2026-Q1,4,6.5
A0429,2025-Q1,3,4.8
A0429,2025-Q2,2,3.4
A0429,2025-Q3,5,3.7
A0429,2025-Q4,5,6.9
A0429,2026-Q1,7,7.1
A0430,2025-Q1,1,4.6
A0430,2025-Q2,1,4.5
A0430,2025-Q3,2,3
A0430,2025-Q4,2,7.3
A0430,2026-Q1,2,7.1
A0431,2025-Q1,3,4.9
A0431,2025-Q2,5,4.7
A0431,2025-Q3,2,3.3
A0431,2025-Q4,3,7.6
A0431,2026-Q1,3,5.7
A0432,2025-Q1,1,4.5
A0432,2025-Q2,1,3.3
A0432,2025-Q3,1,4.4
A0432,2025-Q4,1,7.1
A0432,2026-Q1,2,8.2
A0433,2025-Q1,1,4
A0433,2025-Q2,1,3.3
A0433,2025-Q3,0,3.5
A0433,2025-Q4,1,5.2
A0433,2026-Q1,1,6
A0434,2025-Q1,3,3.9
A0434,2025-Q2,4,3.8
A0434,2025-Q3,2,2.9
A0434,2025-Q4,5,6.8
A0434,2026-Q1,8,7.5
A0435,2025-Q1,2,5
A0435,2025-Q2,1,3.7
A0435,2025-Q3,1,5
A0435,2025-Q4,1,6.5
A0435,2026-Q1,1,6.1
A0436,2025-Q1,1,4.2
A0436,2025-Q2,1,3
A0436,2025-Q3,2,3.8
A0436,2025-Q4,4,7.4
A0436,2026-Q1,2,6.3
A0437,2025-Q1,1,3.6
A0437,2025-Q2,3,3.3
A0437,2025-Q3,5,5.1
A0437,2025-Q4,6,7.2
A0437,2026-Q1,3,5.6
A0438,2025-Q1,2,4.7
A0438,2025-Q2,2,4.1
A0438,2025-Q3,2,4.9
A0438,2025-Q4,1,5.2
A0438,2026-Q1,2,5.6
A0439,2025-Q1,2,4.3
A0439,2025-Q2,1,3.2
A0439,2025-Q3,1,4.8
A0439,2025-Q4,1,5.9
A0439,2026-Q1,2,6.3
A0440,2025-Q1,3,4.9
A0440,2025-Q2,5,5.2
A0440,2025-Q3,2,4.3
A0440,2025-Q4,5,5.8
A0440,2026-Q1,4,6.5
A0441,2025-Q1,4,3.2
A0441,2025-Q2,4,4.5
A0441,2025-Q3,4,3.6
A0441,2025-Q4,3,5.5
A0441,2026-Q1,5,6.2
A0442,2025-Q1,1,3
A0442,2025-Q2,3,5
A0442,2025-Q3,1,3.4
A0442,2025-Q4,3,7.1
A0442,2026-Q1,5,6.1
A0443,2025-Q1,1,3.5
A0443,2025-Q2,4,3.4
A0443,2025-Q3,2,2.9
A0443,2025-Q4,6,7.6
A0443,2026-Q1,4,6.9
A0444,2025-Q1,3,3.9
A0444,2025-Q2,4,3.2
A0444,2025-Q3,5,4.9
A0444,2025-Q4,3,7.3
A0444,2026-Q1,8,7
A0445,2025-Q1,2,3.4
A0445,2025-Q2,2,3.9
A0445,2025-Q3,3,4.3
A0445,2025-Q4,5,6.7
A0445,2026-Q1,3,5.8
A0446,2025-Q1,4,4.8
A0446,2025-Q2,3,4.7
A0446,2025-Q3,2,2.9
A0446,2025-Q4,5,7.3
A0446,2026-Q1,4,5.5
A0447,2025-Q1,1,3.6
A0447,2025-Q2,2,3.5
A0447,2025-Q3,1,3.1
A0447,2025-Q4,2,6.4
A0447,2026-Q1,2,6.2
A0448,2025-Q1,2,3.3
A0448,2025-Q2,1,3.4
A0448,2025-Q3,1,4.4
A0448,2025-Q4,5,7
A0448,2026-Q1,6,5.9
A0449,2025-Q1,0,2.7
A0449,2025-Q2,2,3.5
A0449,2025-Q3,1,4.9
A0449,2025-Q4,1,5.3
A0449,2026-Q1,2,5.3
A0450,2025-Q1,3,3.9
A0450,2025-Q2,2,4.5
A0450,2025-Q3,2,3
A0450,2025-Q4,3,5.7
A0450,2026-Q1,2,7.1
A0451,2025-Q1,1,4.7
A0451,2025-Q2,2,3.4
A0451,2025-Q3,1,3.1
A0451,2025-Q4,2,6.8
A0451,2026-Q1,2,6.7
A0452,2025-Q1,2,5.1
A0452,2025-Q2,2,3.8
A0452,2025-Q3,6,4.1
A0452,2025-Q4,7,7.6
A0452,2026-Q1,5,6.7
A0453,2025-Q1,2,3
A0453,2025-Q2,1,3.1
A0453,2025-Q3,2,4.9
A0453,2025-Q4,2,7.1
A0453,2026-Q1,3,7.6
A0454,2025-Q1,1,5
A0454,2025-Q2,4,5.2
A0454,2025-Q3,5,4.7
A0454,2025-Q4,2,6.1
A0454,2026-Q1,4,7.3
A0455,2025-Q1,1,3.9
A0455,2025-Q2,1,3.4
A0455,2025-Q3,1,4.4
A0455,2025-Q4,2,6.7
A0455,2026-Q1,1,7.1
A0456,2025-Q1,6,5.1
A0456,2025-Q2,3,4.2
A0456,2025-Q3,2,3.8
A0456,2025-Q4,6,6.4
A0456,2026-Q1,5,6.3
A0457,2025-Q1,2,4.1
A0457,2025-Q2,3,4.9
A0457,2025-Q3,5,3.8
A0457,2025-Q4,2,7.3
A0457,2026-Q1,6,6.5
A0458,2025-Q1,3,3.2
A0458,2025-Q2,3,4.8
A0458,2025-Q3,5,4.8
A0458,2025-Q4,4,7
A0458,2026-Q1,3,7.2
A0459,2025-Q1,1,3
A0459,2025-Q2,3,4.6
A0459,2025-Q3,2,3.3
A0459,2025-Q4,2,5.8
A0459,2026-Q1,7,7.8
A0460,2025-Q1,1,3.6
A0460,2025-Q2,2,3.6
A0460,2025-Q3,4,4.1
A0460,2025-Q4,1,6.6
A0460,2026-Q1,5,5.7
A0461,2025-Q1,0,4.7
A0461,2025-Q2,2,4.7
A0461,2025-Q3,1,3.9
A0461,2025-Q4,3,6
A0461,2026-Q1,2,7.4
A0462,2025-Q1,2,3.9
A0462,2025-Q2,7,4.3
A0462,2025-Q3,4,3.5
A0462,2025-Q4,7,7.5
A0462,2026-Q1,8,6.4
A0463,2025-Q1,1,4.7
A0463,2025-Q2,1,3.4
A0463,2025-Q3,2,3.7
A0463,2025-Q4,2,6
A0463,2026-Q1,1,5.2
A0464,2025-Q1,1,3.9
A0464,2025-Q2,2,3.7
A0464,2025-Q3,2,3.7
A0464,2025-Q4,2,5.3
A0464,2026-Q1,3,6.8
A0465,2025-Q1,1,4.2
A0465,2025-Q2,1,4.8
A0465,2025-Q3,1,4.5
A0465,2025-Q4,3,6.6
A0465,2026-Q1,2,5.7
A0466,2025-Q1,6,5
A0466,2025-Q2,3,3.3
A0466,2025-Q3,5,4.8
A0466,2025-Q4,5,6.9
A0466,2026-Q1,5,6
A0467,2025-Q1,1,4.7
A0467,2025-Q2,1,5
A0467,2025-Q3,2,3.2
A0467,2025-Q4,1,5.4
A0467,2026-Q1,3,9.8
A0468,2025-Q1,1,3.1
A0468,2025-Q2,2,4.5
A0468,2025-Q3,1,4.4
A0468,2025-Q4,3,7
A0468,2026-Q1,3,5.4
A0469,2025-Q1,1,4.7
A0469,2025-Q2,1,3.4
A0469,2025-Q3,2,5.1
A0469,2025-Q4,3,8.9
A0470,2025-Q1,2,4.1
A0470,2025-Q2,1,4.8
A0470,2025-Q3,1,2.9
A0470,2025-Q4,2,5.3
A0470,2026-Q1,2,6.9
A0471,2025-Q1,5,5
A0471,2025-Q2,4,3.3
A0471,2025-Q3,1,3.7
A0471,2025-Q4,4,7.4
A0471,2026-Q1,4,7.5
A0472,2025-Q1,7,4.3
A0472,2025-Q2,2,4.9
A0472,2025-Q3,2,4.3
A0472,2025-Q4,4,6
A0472,2026-Q1,9,7.7
A0473,2025-Q1,5,3.4
A0473,2025-Q2,6,4.8
A0473,2025-Q3,5,4.6
A0473,2025-Q4,5,7.3
A0473,2026-Q1,7,7.7
A0474,2025-Q1,4,5
A0474,2025-Q2,2,3.1
A0474,2025-Q3,4,4.5
A0474,2025-Q4,4,6.7
A0474,2026-Q1,5,7.2
A0475,2025-Q1,2,4.6
A0475,2025-Q2,1,3.9
A0475,2025-Q3,1,4.7
A0475,2025-Q4,1,7.3
A0475,2026-Q1,2,5.8
A0476,2025-Q1,2,2.9
A0476,2025-Q2,1,3.7
A0476,2025-Q3,2,5
A0476,2025-Q4,3,6.7
A0476,2026-Q1,3,6.3
A0477,2025-Q1,3,3.1
A0477,2025-Q2,3,5.1
A0477,2025-Q3,2,4.2
A0477,2025-Q4,3,6.2
A0477,2026-Q1,2,6.2
A0478,2025-Q1,2,3
A0478,2025-Q2,1,3.5
A0478,2025-Q3,1,3.7
A0478,2025-Q4,3,6
A0478,2026-Q1,3,5.6
A0479,2025-Q1,1,4.8
A0479,2025-Q2,1,2.9
A0479,2025-Q3,2,3.1
A0479,2025-Q4,3,5.5
A0479,2026-Q1,2,6.5
A0480,2025-Q1,1,3.8
A0480,2025-Q2,1,4.6
A0480,2025-Q3,1,2.8
A0480,2025-Q4,2,5.8
A0480,2026-Q1,2,5.4
A0481,2025-Q1,1,3.1
A0481,2025-Q2,1,4.7
A0481,2025-Q3,1,3.5
A0481,2025-Q4,1,7.2
A0481,2026-Q1,3,7
A0482,2025-Q1,1,4.8
A0482,2025-Q2,1,4.4
A0482,2025-Q3,1,4.5
A0482,2025-Q4,1,5.7
A0482,2026-Q1,2,5.9
A0483,2025-Q1,1,3
A0483,2025-Q2,2,3
A0483,2025-Q3,1,3.9
A0483,2025-Q4,2,5.5
A0483,2026-Q1,1,5.4
A0484,2025-Q1,1,4.6
A0484,2025-Q2,1,3.8
A0484,2025-Q3,0,2.9
A0484,2025-Q4,2,7
A0484,2026-Q1,3,8.9
A0485,2025-Q1,1,3.2
A0485,2025-Q2,1,7.6
A0486,2025-Q1,2,3.7
A0486,2025-Q2,1,4.1
A0486,2025-Q3,1,4.5
A0486,2025-Q4,1,7
A0486,2026-Q1,2,7.4
A0487,2025-Q1,2,4.6
A0487,2025-Q2,1,4.2
A0487,2025-Q3,2,4.6
A0487,2025-Q4,2,6.4
A0487,2026-Q1,2,6.3
A0488,2025-Q1,5,4.2
A0488,2025-Q2,1,4.2
A0488,2025-Q3,2,3.8
A0488,2025-Q4,2,6.6
A0488,2026-Q1,3,5.7
A0489,2025-Q1,4,3.6
A0489,2025-Q2,2,4.4
A0489,2025-Q3,3,4
A0489,2025-Q4,4,6.4
A0489,2026-Q1,3,6
A0490,2025-Q1,1,3.5
A0490,2025-Q2,1,3.9
A0490,2025-Q3,1,2.9
A0490,2025-Q4,2,7.2
A0490,2026-Q1,2,6
A0491,2025-Q1,2,4.4
A0491,2025-Q2,1,4.2
A0491,2025-Q3,2,4.1
A0491,2025-Q4,2,5.3
A0491,2026-Q1,1,5.5
A0492,2025-Q1,6,5.4
A0492,2025-Q2,4,5.2
A0492,2025-Q3,6,3.5
A0492,2025-Q4,9,8
A0492,2026-Q1,7,6
A0493,2025-Q1,2,3.5
A0493,2025-Q2,6,4
A0493,2025-Q3,6,4.3
A0493,2025-Q4,3,6.3
A0493,2026-Q1,4,6.2
A0494,2025-Q1,3,4.8
A0494,2025-Q2,4,4.7
A0494,2025-Q3,2,3.5
A0494,2025-Q4,7,6.6
A0494,2026-Q1,5,6.4
A0495,2025-Q1,3,4.8
A0495,2025-Q2,2,2.9
A0495,2025-Q3,2,3
A0495,2025-Q4,2,6
A0495,2026-Q1,4,6.7
A0496,2025-Q1,1,4.8
A0496,2025-Q2,3,6.5
A0497,2025-Q1,2,4.2
A0497,2025-Q2,2,4.4
A0497,2025-Q3,2,4.9
A0497,2025-Q4,2,6
A0497,2026-Q1,1,6.3
A0498,2025-Q1,2,4.6
A0498,2025-Q2,1,3.5
A0498,2025-Q3,1,4.1
A0498,2025-Q4,2,6
A0498,2026-Q1,2,7.2
A0499,2025-Q1,3,4.5
A0499,2025-Q2,3,3.5
A0499,2025-Q3,3,3.3
A0499,2025-Q4,5,6.8
A0499,2026-Q1,2,6.8
A0500,2025-Q1,2,4.2
A0500,2025-Q2,1,3.1
A0500,2025-Q3,1,4.4
A0500,2025-Q4,1,5.7
A0500,2026-Q1,1,6
A0501,2025-Q1,1,3
A0501,2025-Q2,2,7.7
A0502,2025-Q1,0,3.2
A0502,2025-Q2,0,3.3
A0502,2025-Q3,1,3.6
A0502,2025-Q4,1,5.4
A0502,2026-Q1,2,6.9
A0503,2025-Q1,1,3.4
A0503,2025-Q2,3,7.5
A0504,2025-Q1,1,4.1
A0504,2025-Q2,0,4.3
A0504,2025-Q3,1,3.6
A0504,2025-Q4,1,7
A0504,2026-Q1,2,6.2
A0505,2025-Q1,1,3.2
A0505,2025-Q2,4,4.9
A0505,2025-Q3,4,3.3
A0505,2025-Q4,2,5.7
A0505,2026-Q1,4,6.1
A0506,2025-Q1,1,4.2
A0506,2025-Q2,2,4
A0506,2025-Q3,1,3.5
A0506,2025-Q4,3,5.6
A0506,2026-Q1,3,6.8
A0507,2025-Q1,1,3.2
A0507,2025-Q2,4,5.2
A0507,2025-Q3,5,3.3
A0507,2025-Q4,4,5.7
A0507,2026-Q1,3,7.5
A0508,2025-Q1,1,3.5
A0508,2025-Q2,1,3.2
A0508,2025-Q3,1,4.9
A0508,2025-Q4,2,6.3
A0508,2026-Q1,2,5.6
A0509,2025-Q1,1,2.9
A0509,2025-Q2,2,4.6
A0509,2025-Q3,1,4.2
A0509,2025-Q4,1,6.9
A0509,2026-Q1,1,6.6
A0510,2025-Q1,1,4
A0510,2025-Q2,4,4.4
A0510,2025-Q3,2,2.9
A0510,2025-Q4,3,6.9
A0510,2026-Q1,5,6
A0511,2025-Q1,7,4.6
A0511,2025-Q2,2,4.1
A0511,2025-Q3,3,3.2
A0511,2025-Q4,7,7.3
A0511,2026-Q1,9,7.3
A0512,2025-Q1,3,4.2
A0512,2025-Q2,3,4.6
A0512,2025-Q3,2,4.2
A0512,2025-Q4,3,7.5
A0512,2026-Q1,5,6.3
A0513,2025-Q1,5,3.7
A0513,2025-Q2,3,5.1
A0513,2025-Q3,5,5.2
A0513,2025-Q4,3,6.5
A0513,2026-Q1,5,7.1
A0514,2025-Q1,1,3.1
A0514,2025-Q2,1,4.5
A0514,2025-Q3,1,3.5
A0514,2025-Q4,1,5.7
A0514,2026-Q1,2,6.2
A0515,2025-Q1,2,3.4
A0515,2025-Q2,0,3.2
A0515,2025-Q3,1,3
A0515,2025-Q4,1,7
A0515,2026-Q1,2,5.5
A0516,2025-Q1,1,4.8
A0516,2025-Q2,1,3.7
A0516,2025-Q3,0,4.8
A0516,2025-Q4,2,6
A0516,2026-Q1,2,6
A0517,2025-Q1,1,4.3
A0517,2025-Q2,5,3.4
A0517,2025-Q3,5,4.6
A0517,2025-Q4,3,6.2
A0517,2026-Q1,6,7.6
A0518,2025-Q1,1,3.5
A0518,2025-Q2,1,3.9
A0518,2025-Q3,2,5.1
A0518,2025-Q4,2,6.7
A0518,2026-Q1,2,7
A0519,2025-Q1,2,4.5
A0519,2025-Q2,1,4.8
A0519,2025-Q3,2,3.2
A0519,2025-Q4,3,6.1
A0519,2026-Q1,5,9.5
A0520,2025-Q1,1,3.6
A0520,2025-Q2,2,3.8
A0520,2025-Q3,1,3.2
A0520,2025-Q4,2,7.4
A0520,2026-Q1,1,6.3
A0521,2025-Q1,1,4.5
A0521,2025-Q2,2,3.3
A0521,2025-Q3,2,3.4
A0521,2025-Q4,1,7.2
A0521,2026-Q1,1,6.3
A0522,2025-Q1,2,4.3
A0522,2025-Q2,1,3.7
A0522,2025-Q3,1,3.7
A0522,2025-Q4,1,7.3
A0522,2026-Q1,3,5.8
A0523,2025-Q1,2,3.5
A0523,2025-Q2,1,4.6
A0523,2025-Q3,2,5
A0523,2025-Q4,1,6.4
A0523,2026-Q1,1,5.2
A0524,2025-Q1,2,3.3
A0524,2025-Q2,1,4.4
A0524,2025-Q3,2,4
A0524,2025-Q4,1,5.9
A0524,2026-Q1,2,5.6
A0525,2025-Q1,1,3.6
A0525,2025-Q2,2,4.1
A0525,2025-Q3,1,4.2
A0525,2025-Q4,2,6.3
A0525,2026-Q1,3,10.2
A0526,2025-Q1,1,4.1
A0526,2025-Q2,2,4.6
A0526,2025-Q3,2,4.6
A0526,2025-Q4,1,5.4
A0526,2026-Q1,1,5.2
A0527,2025-Q1,1,3.9
A0527,2025-Q2,1,5
A0527,2025-Q3,1,3.8
A0527,2025-Q4,1,6.8
A0527,2026-Q1,2,5.9
A0528,2025-Q1,2,3
A0528,2025-Q2,1,4.4
A0528,2025-Q3,1,3.8
A0528,2025-Q4,1,5.2
A0528,2026-Q1,1,6.4
A0529,2025-Q1,1,3.3
A0529,2025-Q2,1,3
A0529,2025-Q3,2,4.9
A0529,2025-Q4,2,6.2
A0529,2026-Q1,2,6.2
A0530,2025-Q1,1,2.9
A0530,2025-Q2,1,3
A0530,2025-Q3,1,4.8
A0530,2025-Q4,2,6.2
A0530,2026-Q1,3,5.9
A0531,2025-Q1,3,4
A0531,2025-Q2,1,2.9
A0531,2025-Q3,2,4.9
A0531,2025-Q4,1,6.2
A0531,2026-Q1,3,6.4
A0532,2025-Q1,3,3.7
A0532,2025-Q2,6,6.1
A0533,2025-Q1,0,4.2
A0533,2025-Q2,2,3.2
A0533,2025-Q3,1,4.4
A0533,2025-Q4,1,6.3
A0533,2026-Q1,2,6.9
A0534,2025-Q1,1,3.7
A0534,2025-Q2,1,3
A0534,2025-Q3,0,3
A0534,2025-Q4,1,6.9
A0534,2026-Q1,2,5.5
A0535,2025-Q1,3,4.6
A0535,2025-Q2,3,3.1
A0535,2025-Q3,4,4.8
A0535,2025-Q4,5,5.9
A0535,2026-Q1,6,6.3
A0536,2025-Q1,3,3.5
A0536,2025-Q2,2,3.6
A0536,2025-Q3,4,4.3
A0536,2025-Q4,4,5.9
A0536,2026-Q1,10,6.7
A0537,2025-Q1,1,3.2
A0537,2025-Q2,1,3.8
A0537,2025-Q3,1,3.9
A0537,2025-Q4,1,5.4
A0537,2026-Q1,1,6.3
A0538,2025-Q1,1,2.8
A0538,2025-Q2,2,3.8
A0538,2025-Q3,2,4.2
A0538,2025-Q4,2,6.5
A0538,2026-Q1,1,7.3
A0539,2025-Q1,2,2.9
A0539,2025-Q2,1,4.1
A0539,2025-Q3,1,3.3
A0539,2025-Q4,1,6.6
A0539,2026-Q1,1,6.5
A0540,2025-Q1,3,4.1
A0540,2025-Q2,2,5
A0540,2025-Q3,2,4.1
A0540,2025-Q4,1,6.6
A0540,2026-Q1,2,5.8
A0541,2025-Q1,2,4.1
A0541,2025-Q2,1,3.1
A0541,2025-Q3,1,4.3
A0541,2025-Q4,2,6
A0541,2026-Q1,2,6.6
A0542,2025-Q1,3,3.7
A0542,2025-Q2,3,4
A0542,2025-Q3,6,7.9
A0543,2025-Q1,2,3.9
A0543,2025-Q2,2,4.8
A0543,2025-Q3,1,3.9
A0543,2025-Q4,4,9.7
A0544,2025-Q1,3,3.5
A0544,2025-Q2,4,3.4
A0544,2025-Q3,7,3.9
A0544,2025-Q4,6,7.5
A0544,2026-Q1,9,6.1
A0545,2025-Q1,1,4.1
A0545,2025-Q2,3,3.8
A0545,2025-Q3,2,3.1
A0545,2025-Q4,3,6.6
A0545,2026-Q1,5,5.7
A0546,2025-Q1,2,4.4
A0546,2025-Q2,1,3.9
A0546,2025-Q3,4,4.6
A0546,2025-Q4,5,6.8
A0546,2026-Q1,5,7.6
A0547,2025-Q1,1,3.2
A0547,2025-Q2,1,3.9
A0547,2025-Q3,1,5
A0547,2025-Q4,1,7.3
A0547,2026-Q1,2,9.5
A0548,2025-Q1,1,4.8
A0548,2025-Q2,1,3.8
A0548,2025-Q3,2,4
A0548,2025-Q4,2,7.4
A0548,2026-Q1,1,5.9
A0549,2025-Q1,2,4.5
A0549,2025-Q2,3,3.2
A0549,2025-Q3,2,4.6
A0549,2025-Q4,6,6.7
A0549,2026-Q1,5,6.5
A0550,2025-Q1,2,4.9
A0550,2025-Q2,5,5.1
A0550,2025-Q3,8,4.6
A0550,2025-Q4,3,6.4
A0550,2026-Q1,8,7.2
A0551,2025-Q1,1,3.7
A0551,2025-Q2,2,3.6
A0551,2025-Q3,1,3
A0551,2025-Q4,2,5.7
A0551,2026-Q1,2,5.6
A0552,2025-Q1,1,4.5
A0552,2025-Q2,1,3.1
A0552,2025-Q3,2,4.3
A0552,2025-Q4,2,7.5
A0552,2026-Q1,2,6.8
A0553,2025-Q1,5,3.8
A0553,2025-Q2,3,3.2
A0553,2025-Q3,2,3.7
A0553,2025-Q4,7,6.5
A0553,2026-Q1,3,7.6
A0554,2025-Q1,2,4
A0554,2025-Q2,4,3.6
A0554,2025-Q3,5,5.1
A0554,2025-Q4,4,7.6
A0554,2026-Q1,5,5.8
A0555,2025-Q1,2,4.3
A0555,2025-Q2,1,4.3
A0555,2025-Q3,1,4.1
A0555,2025-Q4,1,6.6
A0555,2026-Q1,3,10.2
A0556,2025-Q1,2,3
A0556,2025-Q2,3,3.8
A0556,2025-Q3,4,4.3
A0556,2025-Q4,5,5.7
A0556,2026-Q1,5,6.8
A0557,2025-Q1,2,4.3
A0557,2025-Q2,1,4.3
A0557,2025-Q3,3,3.8
A0557,2025-Q4,3,7.1
A0557,2026-Q1,2,6.5
A0558,2025-Q1,5,4.2
A0558,2025-Q2,4,5.2
A0558,2025-Q3,6,5.3
A0558,2025-Q4,3,6.1
A0558,2026-Q1,3,6.2
A0559,2025-Q1,1,3.5
A0559,2025-Q2,3,3.4
A0559,2025-Q3,4,3.8
A0559,2025-Q4,3,6.6
A0559,2026-Q1,3,6.4
A0560,2025-Q1,1,2.8
A0560,2025-Q2,3,4.2
A0560,2025-Q3,7,4
A0560,2025-Q4,4,7
A0560,2026-Q1,7,5.7
A0561,2025-Q1,2,3.2
A0561,2025-Q2,6,5
A0561,2025-Q3,3,3.8
A0561,2025-Q4,8,7
A0561,2026-Q1,4,6.4
A0562,2025-Q1,2,4.1
A0562,2025-Q2,1,3.9
A0562,2025-Q3,2,3.5
A0562,2025-Q4,2,5.9
A0562,2026-Q1,2,6.4
A0563,2025-Q1,1,4.8
A0563,2025-Q2,1,4.1
A0563,2025-Q3,1,3.5
A0563,2025-Q4,1,5.5
A0563,2026-Q1,2,6.3
A0564,2025-Q1,6,4.2
A0564,2025-Q2,6,4.8
A0564,2025-Q3,5,5.1
A0564,2025-Q4,4,7.1
A0564,2026-Q1,5,6.2
A0565,2025-Q1,1,5
A0565,2025-Q2,1,2.9
A0565,2025-Q3,1,4
A0565,2025-Q4,2,6
A0565,2026-Q1,2,5.7
A0566,2025-Q1,3,3.6
A0566,2025-Q2,3,4.5
A0566,2025-Q3,2,4
A0566,2025-Q4,6,6.8
A0566,2026-Q1,5,7
A0567,2025-Q1,1,2.9
A0567,2025-Q2,2,3.4
A0567,2025-Q3,2,3.7
A0567,2025-Q4,2,6.6
A0567,2026-Q1,2,7.4
A0568,2025-Q1,2,4
A0568,2025-Q2,2,3.4
A0568,2025-Q3,1,3
A0568,2025-Q4,2,6.7
A0568,2026-Q1,2,5.6
A0569,2025-Q1,1,4.4
A0569,2025-Q2,0,4.6
A0569,2025-Q3,1,2.9
A0569,2025-Q4,1,6.2
A0569,2026-Q1,2,5.8
A0570,2025-Q1,1,4.5
A0570,2025-Q2,3,4
A0570,2025-Q3,1,3.1
A0570,2025-Q4,3,5.8
A0570,2026-Q1,2,5.4
A0571,2025-Q1,2,5.7
A0572,2025-Q1,1,4.4
A0572,2025-Q2,3,4.5
A0572,2025-Q3,3,4.8
A0572,2025-Q4,2,7.4
A0572,2026-Q1,3,5.8
A0573,2025-Q1,2,4.1
A0573,2025-Q2,3,3.2
A0573,2025-Q3,7,3.5
A0573,2025-Q4,7,6.5
A0573,2026-Q1,3,6.6
A0574,2025-Q1,2,4.4
A0574,2025-Q2,2,3.6
A0574,2025-Q3,1,4.3
A0574,2025-Q4,2,7
A0574,2026-Q1,2,6.7
A0575,2025-Q1,4,4.6
A0575,2025-Q2,4,3.9
A0575,2025-Q3,5,3.9
A0575,2025-Q4,3,6.4
A0575,2026-Q1,5,7.7
A0576,2025-Q1,3,3.9
A0576,2025-Q2,4,5.2
A0576,2025-Q3,4,3.8
A0576,2025-Q4,8,6
A0576,2026-Q1,5,6.3
A0577,2025-Q1,3,4.1
A0577,2025-Q2,7,5.5
A0577,2025-Q3,3,4.8
A0577,2025-Q4,7,6.4
A0577,2026-Q1,5,7.2
A0578,2025-Q1,2,4.4
A0578,2025-Q2,5,4.9
A0578,2025-Q3,2,4.1
A0578,2025-Q4,6,5.7
A0578,2026-Q1,6,5.8
A0579,2025-Q1,0,4.3
A0579,2025-Q2,1,3.6
A0579,2025-Q3,2,3.2
A0579,2025-Q4,2,6
A0579,2026-Q1,2,6.7
A0580,2025-Q1,1,3.9
A0580,2025-Q2,2,5
A0580,2025-Q3,2,3.9
A0580,2025-Q4,2,6.6
A0580,2026-Q1,2,6.4
A0581,2025-Q1,0,3.9
A0581,2025-Q2,0,3.7
A0581,2025-Q3,2,4
A0581,2025-Q4,1,6.9
A0581,2026-Q1,2,7.3
A0582,2025-Q1,5,4
A0582,2025-Q2,5,3.5
A0582,2025-Q3,5,3.2
A0582,2025-Q4,5,7.6
A0582,2026-Q1,5,6.5
A0583,2025-Q1,1,2.9
A0583,2025-Q2,1,3.4
A0583,2025-Q3,2,4.3
A0583,2025-Q4,1,7.1
A0583,2026-Q1,2,7
A0584,2025-Q1,4,3.2
A0584,2025-Q2,5,3.6
A0584,2025-Q3,2,4.5
A0584,2025-Q4,4,7.4
A0584,2026-Q1,3,6.1
A0585,2025-Q1,1,3.9
A0585,2025-Q2,1,4.2
A0585,2025-Q3,2,4.1
A0585,2025-Q4,2,6.3
A0585,2026-Q1,4,7.6
A0586,2025-Q1,6,5
A0586,2025-Q2,7,4.3
A0586,2025-Q3,3,4
A0586,2025-Q4,8,6
A0586,2026-Q1,8,6.5
A0587,2025-Q1,1,4.9
A0587,2025-Q2,3,4.8
A0587,2025-Q3,2,3.2
A0587,2025-Q4,3,6.1
A0587,2026-Q1,2,7.2
A0588,2025-Q1,1,3.9
A0588,2025-Q2,1,4.8
A0588,2025-Q3,1,4.1
A0588,2025-Q4,2,5.3
A0588,2026-Q1,2,6.3
A0589,2025-Q1,2,3.4
A0589,2025-Q2,4,3.5
A0589,2025-Q3,6,4.9
A0589,2025-Q4,7,6.1
A0589,2026-Q1,6,6
A0590,2025-Q1,0,3.7
A0590,2025-Q2,1,3.1
A0590,2025-Q3,2,2.9
A0590,2025-Q4,2,6.1
A0590,2026-Q1,2,6.3
A0591,2025-Q1,4,4.4
A0591,2025-Q2,4,3.7
A0591,2025-Q3,1,4.9
A0591,2025-Q4,2,5.4
A0591,2026-Q1,6,6.4
A0592,2025-Q1,1,4
A0592,2025-Q2,1,4.7
A0592,2025-Q3,2,3.2
A0592,2025-Q4,1,6.3
A0592,2026-Q1,2,6.7
A0593,2025-Q1,1,2.9
A0593,2025-Q2,1,3.2
A0593,2025-Q3,1,4.5
A0593,2025-Q4,2,6.8
A0593,2026-Q1,2,5.3
A0594,2025-Q1,4,5.1
A0594,2025-Q2,3,3.6
A0594,2025-Q3,7,4.4
A0594,2025-Q4,5,6.8
A0594,2026-Q1,7,6.5
A0595,2025-Q1,2,4.1
A0595,2025-Q2,7,3.6
A0595,2025-Q3,3,3.1
A0595,2025-Q4,3,5.8
A0595,2026-Q1,5,7.1
A0596,2025-Q1,0,3.4
A0596,2025-Q2,2,5
A0596,2025-Q3,2,4
A0596,2025-Q4,1,7
A0596,2026-Q1,1,6.7
A0597,2025-Q1,2,3.8
A0597,2025-Q2,2,2.9
A0597,2025-Q3,1,3.8
A0597,2025-Q4,1,6.9
A0597,2026-Q1,2,5.6
A0598,2025-Q1,4,3.7
A0598,2025-Q2,2,4.9
A0598,2025-Q3,4,4.5
A0598,2025-Q4,2,7.1
A0598,2026-Q1,7,6.8
A0599,2025-Q1,2,4.1
A0599,2025-Q2,1,4.7
A0599,2025-Q3,1,3.7
A0599,2025-Q4,3,5.8
A0599,2026-Q1,4,5.7
A0600,2025-Q1,7,5
A0600,2025-Q2,5,3.3
A0600,2025-Q3,6,3.8
A0600,2025-Q4,7,6.3
A0600,2026-Q1,10,6.8
A0601,2025-Q1,2,4.7
A0601,2025-Q2,1,4.7
A0601,2025-Q3,1,4.1
A0601,2025-Q4,2,6
A0601,2026-Q1,1,7.3
A0602,2025-Q1,3,4.1
A0602,2025-Q2,3,3.9
A0602,2025-Q3,5,5.2
A0602,2025-Q4,4,6.3
A0602,2026-Q1,5,7.2
A0603,2025-Q1,1,4.3
A0603,2025-Q2,1,3.5
A0603,2025-Q3,1,4.2
A0603,2025-Q4,2,5.6
A0603,2026-Q1,1,5.5
A0604,2025-Q1,3,4.2
A0604,2025-Q2,2,2.9
A0604,2025-Q3,3,4.9
A0604,2025-Q4,2,7
A0604,2026-Q1,5,5.9
A0605,2025-Q1,5,3.3
A0605,2025-Q2,7,4.4
A0605,2025-Q3,8,5.5
A0605,2025-Q4,7,7.1
A0605,2026-Q1,9,6.9
A0606,2025-Q1,1,2.8
A0606,2025-Q2,1,2.9
A0606,2025-Q3,3,3.2
A0606,2025-Q4,2,5.4
A0606,2026-Q1,7,9.3
A0607,2025-Q1,5,4.3
A0607,2025-Q2,5,3.6
A0607,2025-Q3,3,5.1
A0607,2025-Q4,5,7.2
A0607,2026-Q1,8,6.1
A0608,2025-Q1,4,3.6
A0608,2025-Q2,1,4.9
A0608,2025-Q3,4,4.2
A0608,2025-Q4,4,6.5
A0608,2026-Q1,7,9.4
A0609,2025-Q1,0,3.8
A0609,2025-Q2,1,3.1
A0609,2025-Q3,2,4.3
A0609,2025-Q4,2,6.2
A0609,2026-Q1,2,7.4
A0610,2025-Q1,4,3.3
A0610,2025-Q2,5,4
A0610,2025-Q3,5,4.1
A0610,2025-Q4,2,7
A0610,2026-Q1,7,5.8
A0611,2025-Q1,2,3.4
A0611,2025-Q2,1,3.6
A0611,2025-Q3,1,3.9
A0611,2025-Q4,1,5.3
A0611,2026-Q1,2,5.5
A0612,2025-Q1,1,3.2
A0612,2025-Q2,1,3.6
A0612,2025-Q3,1,3.4
A0612,2025-Q4,2,6.1
A0612,2026-Q1,3,7.3
A0613,2025-Q1,2,4.4
A0613,2025-Q2,6,4.3
A0613,2025-Q3,5,4.2
A0613,2025-Q4,5,5.9
A0613,2026-Q1,4,6.8
A0614,2025-Q1,3,3.6
A0614,2025-Q2,2,4.6
A0614,2025-Q3,2,3.8
A0614,2025-Q4,1,5.3
A0614,2026-Q1,2,6.5
A0615,2025-Q1,6,4.7
A0615,2025-Q2,5,4
A0615,2025-Q3,7,5.4
A0615,2025-Q4,6,5.7
A0615,2026-Q1,8,7.3
A0616,2025-Q1,1,2.9
A0616,2025-Q2,2,4.7
A0616,2025-Q3,1,4.2
A0616,2025-Q4,2,7.5
A0616,2026-Q1,1,6.2
A0617,2025-Q1,2,3.6
A0617,2025-Q2,2,4.4
A0617,2025-Q3,10,7.3
A0618,2025-Q1,3,3.5
A0618,2025-Q2,4,5.1
A0618,2025-Q3,5,3.7
A0618,2025-Q4,3,6.4
A0618,2026-Q1,4,6.4
A0619,2025-Q1,2,3.8
A0619,2025-Q2,1,3.8
A0619,2025-Q3,2,3.2
A0619,2025-Q4,3,6.7
A0619,2026-Q1,2,6.2
A0620,2025-Q1,1,3.3
A0620,2025-Q2,2,3
A0620,2025-Q3,1,2.9
A0620,2025-Q4,1,6.1
A0620,2026-Q1,1,6.6
A0621,2025-Q1,2,3
A0621,2025-Q2,1,4.4
A0621,2025-Q3,1,3
A0621,2025-Q4,1,6
A0621,2026-Q1,3,6.3
A0622,2025-Q1,2,4
A0622,2025-Q2,2,3.8
A0622,2025-Q3,2,4.5
A0622,2025-Q4,4,8.7
A0623,2025-Q1,2,4.3
A0623,2025-Q2,3,3.5
A0623,2025-Q3,4,3.2
A0623,2025-Q4,5,7.7
A0623,2026-Q1,3,5.6
A0624,2025-Q1,1,4.6
A0624,2025-Q2,2,2.9
A0624,2025-Q3,2,4.8
A0624,2025-Q4,2,6.7
A0624,2026-Q1,1,5.2
A0625,2025-Q1,2,4.2
A0625,2025-Q2,3,4.5
A0625,2025-Q3,2,4.5
A0625,2025-Q4,1,5.6
A0625,2026-Q1,4,7
A0626,2025-Q1,0,3.2
A0626,2025-Q2,1,4.6
A0626,2025-Q3,1,3.7
A0626,2025-Q4,1,5.4
A0626,2026-Q1,2,6.4
