account_id,fiscal_quarter,csat_score,nps_score
A0001,2025-Q1,4,23
A0001,2025-Q2,3,10
A0001,2025-Q3,2,-31
A0001,2025-Q4,3,-10
A0001,2026-Q1,4,33
A0002,2025-Q1,4,25
A0002,2025-Q2,4,41
A0002,2025-Q3,3,15
A0002,2025-Q4,4,34
A0002,2026-Q1,4,33
A0003,2025-Q1,4,32
A0003,2025-Q2,3,-17
A0003,2025-Q3,4,48
A0003,2025-Q4,4,26
A0003,2026-Q1,4,36
A0004,2025-Q1,4,38
A0004,2025-Q2,4,47
A0005,2025-Q1,3,16
A0005,2025-Q2,3,-15
A0005,2025-Q3,3,-11
A0005,2025-Q4,3,11
A0005,2026-Q1,2,-42
A0006,2025-Q1,4,39
A0006,2025-Q2,4,38
A0006,2025-Q3,2,-31
A0006,2025-Q4,3,-4
A0006,2026-Q1,4,22
A0007,2025-Q1,4,44
A0007,2025-Q2,2,-42
A0007,2025-Q3,3,10
A0007,2025-Q4,4,33
A0007,2026-Q1,4,37
A0008,2025-Q1,2,-31
A0008,2025-Q2,4,13
A0008,2025-Q3,2,-55
A0008,2025-Q4,4,25
A0008,2026-Q1,5,88
A0009,2025-Q1,3,11
A0009,2025-Q2,4,28
A0009,2025-Q3,4,22
A0009,2025-Q4,3,21
A0009,2026-Q1,4,34
A0010,2025-Q1,3,-6
A0010,2025-Q2,3,-7
A0010,2025-Q3,4,15
A0010,2025-Q4,3,5
A0010,2026-Q1,5,90
A0011,2025-Q1,3,3
A0011,2025-Q2,3,1
A0011,2025-Q3,3,10
A0011,2025-Q4,4,46
A0011,2026-Q1,4,33
A0012,2025-Q1,3,-12
A0012,2025-Q2,4,26
A0012,2025-Q3,4,55
A0012,2025-Q4,3,10
A0012,2026-Q1,4,14
A0013,2025-Q1,4,15
A0013,2025-Q2,4,54
A0013,2025-Q3,4,24
A0013,2025-Q4,3,18
A0013,2026-Q1,4,41
A0014,2025-Q1,4,21
A0014,2025-Q2,2,-36
A0014,2025-Q3,5,87
A0014,2025-Q4,3,15
A0014,2026-Q1,4,20
A0015,2025-Q1,4,42
A0015,2025-Q2,4,18
A0015,2025-Q3,3,3
A0015,2025-Q4,3,21
A0015,2026-Q1,4,57
A0016,2025-Q1,2,-27
A0016,2025-Q2,3,-12
A0016,2025-Q3,3,-10
A0016,2025-Q4,4,13
A0016,2026-Q1,4,50
A0017,2025-Q1,4,52
A0017,2025-Q2,4,24
A0017,2025-Q3,4,26
A0017,2025-Q4,2,-40
A0017,2026-Q1,3,-16
A0018,2025-Q1,5,59
A0018,2025-Q2,4,48
A0018,2025-Q3,2,-37
A0018,2025-Q4,4,28
A0018,2026-Q1,4,18
A0019,2025-Q1,3,-11
A0019,2025-Q2,3,8
A0019,2025-Q3,2,-35
A0019,2025-Q4,4,25
A0019,2026-Q1,4,47
A0020,2025-Q1,4,56
A0020,2025-Q2,4,38
A0020,2025-Q3,4,38
A0020,2025-Q4,4,32
A0020,2026-Q1,2,-23
A0021,2025-Q1,3,15
A0021,2025-Q2,3,20
A0021,2025-Q3,3,-18
A0021,2025-Q4,3,-11
A0021,2026-Q1,4,24
A0022,2025-Q1,3,-17
A0022,2025-Q2,4,31
A0022,2025-Q3,3,1
A0022,2025-Q4,4,22
A0022,2026-Q1,5,60
A0023,2025-Q1,3,-20
A0023,2025-Q2,3,-3
A0023,2025-Q3,4,56
A0023,2025-Q4,2,-46
A0023,2026-Q1,4,49
A0024,2025-Q1,3,-10
A0024,2025-Q2,4,44
A0024,2025-Q3,3,21
A0024,2025-Q4,3,1
A0024,2026-Q1,4,49
A0025,2025-Q1,4,13
A0025,2025-Q2,3,-8
A0025,2025-Q3,3,-3
A0025,2025-Q4,3,-8
A0025,2026-Q1,3,13
A0026,2025-Q1,4,27
A0026,2025-Q2,3,0
A0026,2025-Q3,3,-6
A0026,2025-Q4,3,-1
A0026,2026-Q1,3,-7
A0027,2025-Q1,4,15
A0027,2025-Q2,3,17
A0027,2025-Q3,5,91
A0027,2025-Q4,5,76
A0027,2026-Q1,3,-4
A0028,2025-Q1,3,-4
A0028,2025-Q2,3,-16
A0028,2025-Q3,4,49
A0028,2025-Q4,3,-21
A0028,2026-Q1,2,-47
A0029,2025-Q1,3,-7
A0029,2025-Q2,4,27
A0029,2025-Q3,3,12
A0029,2025-Q4,3,-3
A0029,2026-Q1,3,-17
A0030,2025-Q1,4,36
A0030,2025-Q2,3,18
A0030,2025-Q3,4,36
A0030,2025-Q4,4,18
A0030,2026-Q1,3,6
A0031,2025-Q1,4,57
A0031,2025-Q2,4,37
A0031,2025-Q3,3,-1
A0031,2025-Q4,4,53
A0031,2026-Q1,4,24
A0032,2025-Q1,3,17
A0032,2025-Q2,4,41
A0032,2025-Q3,4,37
A0032,2025-Q4,4,15
A0032,2026-Q1,3,-2
A0033,2025-Q1,3,-10
A0033,2025-Q2,4,24
A0033,2025-Q3,3,-21
A0033,2025-Q4,3,19
A0033,2026-Q1,3,10
A0034,2025-Q1,4,40
A0034,2025-Q2,3,-6
A0034,2025-Q3,3,-22
A0034,2025-Q4,3,3
A0034,2026-Q1,3,-10
A0035,2025-Q1,4,43
A0035,2025-Q2,3,-1
A0035,2025-Q3,4,15
A0035,2025-Q4,2,-57
A0035,2026-Q1,4,38
A0036,2025-Q1,4,25
A0036,2025-Q2,3,-3
A0036,2025-Q3,4,35
A0037,2025-Q1,4,13
A0037,2025-Q2,4,31
A0037,2025-Q3,4,25
A0037,2025-Q4,2,-37
A0037,2026-Q1,3,14
A0038,2025-Q1,4,33
A0038,2025-Q2,4,24
A0038,2025-Q3,4,54
A0038,2025-Q4,4,43
A0038,2026-Q1,3,15
A0039,2025-Q1,4,40
A0039,2025-Q2,4,18
A0039,2025-Q3,3,6
A0039,2025-Q4,4,31
A0039,2026-Q1,3,-2
A0040,2025-Q1,4,27
A0040,2025-Q2,2,-33
A0040,2025-Q3,3,-14
A0040,2025-Q4,4,44
A0040,2026-Q1,3,-20
A0041,2025-Q1,3,-11
A0041,2025-Q2,3,-2
A0041,2025-Q3,3,3
A0041,2025-Q4,4,36
A0041,2026-Q1,2,-15
A0042,2025-Q1,4,28
A0042,2025-Q2,3,-18
A0042,2025-Q3,3,-4
A0042,2025-Q4,5,91
A0042,2026-Q1,4,21
A0043,2025-Q1,4,55
A0043,2025-Q2,3,-12
A0043,2025-Q3,4,42
A0043,2025-Q4,4,40
A0043,2026-Q1,5,78
A0044,2025-Q1,3,4
A0044,2025-Q2,4,53
A0044,2025-Q3,4,44
A0044,2025-Q4,3,-9
A0044,2026-Q1,4,24
A0045,2025-Q1,3,9
A0045,2025-Q2,4,54
A0045,2025-Q3,3,-3
A0045,2025-Q4,4,52
A0045,2026-Q1,4,35
A0046,2025-Q1,3,-11
A0046,2025-Q2,4,16
A0046,2025-Q3,2,-29
A0046,2025-Q4,2,-23
A0046,2026-Q1,2,-42
A0047,2025-Q1,4,40
A0047,2025-Q2,3,1
A0047,2025-Q3,4,13
A0047,2025-Q4,3,-4
A0047,2026-Q1,5,57
A0048,2025-Q1,4,27
A0048,2025-Q2,3,-9
A0048,2025-Q3,3,-12
A0048,2025-Q4,4,57
A0048,2026-Q1,3,10
A0049,2025-Q1,4,33
A0049,2025-Q2,3,-2
A0049,2025-Q3,3,10
A0049,2025-Q4,2,-22
A0049,2026-Q1,3,-5
A0050,2025-Q1,4,37
A0050,2025-Q2,3,-3
A0050,2025-Q3,4,15
A0050,2025-Q4,4,44
A0050,2026-Q1,4,45
A0051,2025-Q1,4,32
A0051,2025-Q2,2,-41
A0051,2025-Q3,4,27
A0051,2025-Q4,4,48
A0051,2026-Q1,4,57
A0052,2025-Q1,4,56
A0052,2025-Q2,4,15
A0052,2025-Q3,4,23
A0052,2025-Q4,3,10
A0052,2026-Q1,3,9
A0053,2025-Q1,4,52
A0053,2025-Q2,4,52
A0053,2025-Q3,3,14
A0053,2025-Q4,2,-19
A0053,2026-Q1,3,21
A0054,2025-Q1,5,92
A0054,2025-Q2,3,18
A0054,2025-Q3,3,-18
A0054,2025-Q4,5,64
A0054,2026-Q1,4,25
A0055,2025-Q1,3,-20
A0055,2025-Q2,4,40
A0055,2025-Q3,4,57
A0055,2025-Q4,3,-4
A0055,2026-Q1,3,18
A0056,2025-Q1,3,-14
A0056,2025-Q2,4,44
A0056,2025-Q3,3,17
A0056,2025-Q4,3,-19
A0056,2026-Q1,4,27
A0057,2025-Q1,4,28
A0057,2025-Q2,3,-7
A0057,2025-Q3,4,13
A0057,2025-Q4,3,6
A0057,2026-Q1,5,50
A0058,2025-Q1,3,-21
A0058,2025-Q2,3,-1
A0058,2025-Q3,4,28
A0058,2025-Q4,3,4
A0058,2026-Q1,3,-2
A0059,2025-Q1,4,15
A0059,2025-Q2,5,54
A0059,2025-Q3,3,-5
A0059,2025-Q4,3,-1
A0059,2026-Q1,3,-3
A0060,2025-Q1,3,-11
A0060,2025-Q2,3,-21
A0060,2025-Q3,4,26
A0060,2025-Q4,4,16
A0060,2026-Q1,4,53
A0061,2025-Q1,4,29
A0061,2025-Q2,4,55
A0061,2025-Q3,3,0
A0061,2025-Q4,2,-16
A0061,2026-Q1,4,44
A0062,2025-Q1,3,9
A0062,2025-Q2,3,10
A0062,2025-Q3,4,20
A0062,2025-Q4,2,-34
A0062,2026-Q1,4,17
A0063,2025-Q1,3,-14
A0063,2025-Q2,4,35
A0063,2025-Q3,4,40
A0063,2025-Q4,4,22
A0063,2026-Q1,3,21
A0064,2025-Q1,3,2
A0064,2025-Q2,4,23
A0064,2025-Q3,3,15
A0064,2025-Q4,3,-18
A0064,2026-Q1,3,20
A0065,2025-Q1,5,80
A0065,2025-Q2,4,26
A0065,2025-Q3,2,-22
A0065,2025-Q4,3,6
A0065,2026-Q1,3,20
A0066,2025-Q1,5,68
A0066,2025-Q2,4,35
A0066,2025-Q3,4,51
A0066,2025-Q4,4,39
A0066,2026-Q1,3,17
A0067,2025-Q1,4,15
A0067,2025-Q2,3,20
A0067,2025-Q3,4,26
A0067,2025-Q4,3,-3
A0067,2026-Q1,4,26
A0068,2025-Q1,3,7
A0068,2025-Q2,3,16
A0068,2025-Q3,4,57
A0068,2025-Q4,4,49
A0068,2026-Q1,5,48
A0069,2025-Q1,3,18
A0069,2025-Q2,4,24
A0069,2025-Q3,3,11
A0069,2025-Q4,4,46
A0069,2026-Q1,4,21
A0070,2025-Q1,4,45
A0070,2025-Q2,4,18
A0070,2025-Q3,4,29
A0070,2025-Q4,3,-5
A0070,2026-Q1,4,25
A0071,2025-Q1,3,11
A0071,2025-Q2,3,-10
A0071,2025-Q3,3,-7
A0071,2025-Q4,3,-2
A0071,2026-Q1,5,77
A0072,2025-Q1,4,41
A0072,2025-Q2,3,3
A0072,2025-Q3,4,17
A0072,2025-Q4,3,-16
A0072,2026-Q1,4,33
A0073,2025-Q1,4,22
A0073,2025-Q2,5,82
A0073,2025-Q3,4,42
A0073,2025-Q4,2,-54
A0073,2026-Q1,4,30
A0074,2025-Q1,2,-45
A0074,2025-Q2,4,50
A0074,2025-Q3,4,20
A0074,2025-Q4,3,22
A0074,2026-Q1,4,29
A0075,2025-Q1,4,56
A0075,2025-Q2,3,7
A0075,2025-Q3,3,2
A0075,2025-Q4,3,14
A0075,2026-Q1,2,-52
A0076,2025-Q1,4,38
A0076,2025-Q2,4,28
A0076,2025-Q3,3,7
A0076,2025-Q4,3,-4
A0076,2026-Q1,4,39
A0077,2025-Q1,4,50
A0077,2025-Q2,4,52
A0077,2025-Q3,4,52
A0077,2025-Q4,4,34
A0077,2026-Q1,2,-54
A0078,2025-Q1,4,33
A0078,2025-Q2,2,-48
A0078,2025-Q3,5,65
A0078,2025-Q4,4,33
A0078,2026-Q1,3,-2
A0079,2025-Q1,4,32
A0079,2025-Q2,4,14
A0079,2025-Q3,3,10
A0079,2025-Q4,3,5
A0079,2026-Q1,3,19
A0080,2025-Q1,3,-11
A0080,2025-Q2,4,42
A0080,2025-Q3,4,52
A0080,2025-Q4,4,47
A0080,2026-Q1,3,-10
A0081,2025-Q1,4,36
A0081,2025-Q2,4,53
A0081,2025-Q3,4,13
A0081,2025-Q4,4,39
A0081,2026-Q1,3,6
A0082,2025-Q1,3,-8
A0082,2025-Q2,3,9
A0082,2025-Q3,4,15
A0082,2025-Q4,3,9
A0082,2026-Q1,3,1
A0083,2025-Q1,4,15
A0083,2025-Q2,3,-13
A0083,2025-Q3,3,11
A0083,2025-Q4,3,9
A0083,2026-Q1,4,23
A0084,2025-Q1,4,54
A0084,2025-Q2,3,3
A0084,2025-Q3,4,42
A0084,2025-Q4,3,16
A0084,2026-Q1,4,32
A0085,2025-Q1,3,12
A0085,2025-Q2,3,-10
A0085,2025-Q3,3,-6
A0085,2025-Q4,3,9
A0085,2026-Q1,3,-8
A0086,2025-Q1,2,-44
A0086,2025-Q2,3,7
A0086,2025-Q3,3,-2
A0086,2025-Q4,4,28
A0086,2026-Q1,5,70
A0087,2025-Q1,4,25
A0087,2025-Q2,4,21
A0087,2025-Q3,3,20
A0087,2025-Q4,5,85
A0087,2026-Q1,3,-5
A0088,2025-Q1,4,45
A0088,2025-Q2,5,58
A0088,2025-Q3,2,-41
A0088,2025-Q4,3,1
A0088,2026-Q1,5,88
A0089,2025-Q1,3,2
A0089,2025-Q2,4,14
A0089,2025-Q3,5,69
A0089,2025-Q4,2,-43
A0089,2026-Q1,3,-21
A0090,2025-Q1,4,47
A0090,2025-Q2,4,57
A0090,2025-Q3,4,35
A0090,2025-Q4,3,-8
A0090,2026-Q1,5,87
A0091,2025-Q1,4,17
A0091,2025-Q2,2,-44
A0091,2025-Q3,4,38
A0091,2025-Q4,3,-7
A0091,2026-Q1,4,35
A0092,2025-Q1,3,0
A0092,2025-Q2,4,20
A0092,2025-Q3,3,-7
A0092,2025-Q4,4,50
A0092,2026-Q1,3,-18
A0093,2025-Q1,3,-5
A0093,2025-Q2,3,-17
A0093,2025-Q3,3,5
A0093,2025-Q4,5,91
A0093,2026-Q1,4,20
A0094,2025-Q1,3,4
A0094,2025-Q2,4,43
A0094,2025-Q3,3,14
A0094,2025-Q4,5,63
A0094,2026-Q1,3,15
A0095,2025-Q1,4,37
A0095,2025-Q2,4,39
A0095,2025-Q3,4,50
A0095,2025-Q4,2,-51
A0095,2026-Q1,3,-4
A0096,2025-Q1,3,-2
A0096,2025-Q2,3,0
A0096,2025-Q3,3,5
A0096,2025-Q4,4,34
A0096,2026-Q1,3,-16
A0097,2025-Q1,3,-9
A0097,2025-Q2,3,-4
A0097,2025-Q3,4,30
A0097,2025-Q4,3,-17
A0097,2026-Q1,4,20
A0098,2025-Q1,3,-21
A0098,2025-Q2,3,4
A0099,2025-Q1,4,36
A0099,2025-Q2,3,-17
A0099,2025-Q3,4,45
A0099,2025-Q4,5,68
A0099,2026-Q1,4,25
A0100,2025-Q1,3,-20
A0100,2025-Q2,4,37
A0100,2025-Q3,3,10
A0100,2025-Q4,3,21
A0100,2026-Q1,4,47
A0101,2025-Q1,3,-19
A0101,2025-Q2,2,-31
A0101,2025-Q3,4,47
A0101,2025-Q4,4,29
A0101,2026-Q1,5,89
A0102,2025-Q1,4,14
A0102,2025-Q2,4,29
A0102,2025-Q3,3,-15
A0102,2025-Q4,3,-13
A0102,2026-Q1,4,55
A0103,2025-Q1,3,-14
A0103,2025-Q2,2,-50
A0103,2025-Q3,3,12
A0103,2025-Q4,3,-16
A0103,2026-Q1,4,13
A0104,2025-Q1,3,1
A0104,2025-Q2,4,33
A0104,2025-Q3,3,-12
A0104,2025-Q4,4,44
A0104,2026-Q1,4,49
A0105,2025-Q1,4,53
A0105,2025-Q2,3,22
A0105,2025-Q3,4,21
A0105,2025-Q4,5,79
A0105,2026-Q1,5,78
A0106,2025-Q1,3,-22
A0106,2025-Q2,4,14
A0106,2025-Q3,4,17
A0106,2025-Q4,4,48
A0106,2026-Q1,4,45
A0107,2025-Q1,3,-12
A0107,2025-Q2,4,44
A0107,2025-Q3,4,44
A0107,2025-Q4,2,-27
A0107,2026-Q1,3,13
A0108,2025-Q1,4,51
A0108,2025-Q2,5,86
A0108,2025-Q3,3,-20
A0108,2025-Q4,3,-22
A0108,2026-Q1,4,37
A0109,2025-Q1,4,47
A0109,2025-Q2,4,14
A0109,2025-Q3,3,-4
A0109,2025-Q4,4,36
A0109,2026-Q1,5,72
A0110,2025-Q1,4,18
A0110,2025-Q2,4,33
A0110,2025-Q3,3,-9
A0110,2025-Q4,4,41
A0110,2026-Q1,5,77
A0111,2025-Q1,4,20
A0111,2025-Q2,4,47
A0111,2025-Q3,4,45
A0111,2025-Q4,3,10
A0111,2026-Q1,2,-48
A0112,2025-Q1,5,89
A0112,2025-Q2,4,51
A0112,2025-Q3,4,17
A0112,2025-Q4,4,48
A0112,2026-Q1,2,-49
A0113,2025-Q1,5,68
A0113,2025-Q2,2,-39
A0113,2025-Q3,3,19
A0113,2025-Q4,3,-2
A0113,2026-Q1,3,22
A0114,2025-Q1,4,20
A0114,2025-Q2,3,11
A0114,2025-Q3,4,16
A0114,2025-Q4,3,-14
A0114,2026-Q1,2,-32
A0115,2025-Q1,4,41
A0115,2025-Q2,5,73
A0115,2025-Q3,3,10
A0115,2025-Q4,4,48
A0115,2026-Q1,3,-15
A0116,2025-Q1,3,15
A0116,2025-Q2,5,92
A0116,2025-Q3,3,-7
A0116,2025-Q4,4,33
A0116,2026-Q1,3,-13
A0117,2025-Q1,2,-28
A0117,2025-Q2,3,18
A0117,2025-Q3,4,47
A0117,2025-Q4,4,24
A0117,2026-Q1,5,54
A0118,2025-Q1,4,17
A0118,2025-Q2,5,92
A0118,2025-Q3,3,9
A0118,2025-Q4,4,25
A0118,2026-Q1,4,29
A0119,2025-Q1,4,14
A0120,2025-Q1,4,41
A0120,2025-Q2,5,76
A0120,2025-Q3,4,36
A0120,2025-Q4,3,1
A0120,2026-Q1,3,-6
A0121,2025-Q1,4,54
A0121,2025-Q2,3,19
A0121,2025-Q3,4,46
A0121,2025-Q4,3,3
A0121,2026-Q1,4,28
A0122,2025-Q1,4,30
A0122,2025-Q2,4,25
A0122,2025-Q3,4,34
A0122,2025-Q4,4,22
A0122,2026-Q1,2,-15
A0123,2025-Q1,2,-57
A0123,2025-Q2,2,-15
A0123,2025-Q3,2,-49
A0123,2025-Q4,5,51
A0123,2026-Q1,4,38
A0124,2025-Q1,4,35
A0124,2025-Q2,3,-9
A0124,2025-Q3,2,-57
A0124,2025-Q4,3,18
A0124,2026-Q1,3,-13
A0125,2025-Q1,4,29
A0125,2025-Q2,4,42
A0125,2025-Q3,4,37
A0125,2025-Q4,4,51
A0125,2026-Q1,4,47
A0126,2025-Q1,5,50
A0126,2025-Q2,4,53
A0126,2025-Q3,4,23
A0126,2025-Q4,3,-5
A0126,2026-Q1,4,22
A0127,2025-Q1,4,44
A0127,2025-Q2,4,22
A0127,2025-Q3,4,19
A0127,2025-Q4,4,52
A0127,2026-Q1,5,62
A0128,2025-Q1,3,-20
A0128,2025-Q2,4,57
A0128,2025-Q3,4,32
A0128,2025-Q4,4,38
A0128,2026-Q1,3,17
A0129,2025-Q1,3,13
A0129,2025-Q2,3,4
A0129,2025-Q3,2,-46
A0129,2025-Q4,3,13
A0129,2026-Q1,4,50
A0130,2025-Q1,4,39
A0130,2025-Q2,3,21
A0130,2025-Q3,3,17
A0130,2025-Q4,4,30
A0130,2026-Q1,3,14
A0131,2025-Q1,5,50
A0131,2025-Q2,3,-17
A0131,2025-Q3,3,-10
A0131,2025-Q4,3,20
A0131,2026-Q1,3,7
A0132,2025-Q1,5,74
A0132,2025-Q2,3,6
A0132,2025-Q3,4,20
A0132,2025-Q4,5,51
A0132,2026-Q1,3,1
A0133,2025-Q1,4,55
A0133,2025-Q2,2,-57
A0133,2025-Q3,3,-22
A0133,2025-Q4,4,38
A0133,2026-Q1,4,57
A0134,2025-Q1,4,38
A0134,2025-Q2,3,-8
A0134,2025-Q3,4,14
A0134,2025-Q4,3,21
A0134,2026-Q1,4,16
A0135,2025-Q1,4,22
A0135,2025-Q2,3,22
A0135,2025-Q3,4,23
A0135,2025-Q4,3,-19
A0135,2026-Q1,2,-13
A0136,2025-Q1,3,-6
A0136,2025-Q2,3,14
A0136,2025-Q3,4,32
A0136,2025-Q4,4,49
A0136,2026-Q1,4,45
A0137,2025-Q1,3,-5
A0137,2025-Q2,4,52
A0137,2025-Q3,3,-7
A0137,2025-Q4,3,-17
A0137,2026-Q1,4,28
A0138,2025-Q1,4,28
A0138,2025-Q2,3,22
A0138,2025-Q3,4,37
A0138,2025-Q4,4,42
A0138,2026-Q1,4,48
A0139,2025-Q1,3,10
A0139,2025-Q2,4,13
A0139,2025-Q3,4,25
A0139,2025-Q4,3,-15
A0139,2026-Q1,4,54
A0140,2025-Q1,4,42
A0140,2025-Q2,4,54
A0140,2025-Q3,3,10
A0140,2025-Q4,3,-18
A0140,2026-Q1,4,38
A0141,2025-Q1,4,47
A0141,2025-Q2,4,29
A0141,2025-Q3,4,39
A0141,2025-Q4,3,14
A0141,2026-Q1,3,-2
A0142,2025-Q1,3,-11
A0142,2025-Q2,3,-7
A0142,2025-Q3,3,-1
A0142,2025-Q4,4,26
A0142,2026-Q1,3,17
A0143,2025-Q1,4,44
A0143,2025-Q2,3,-12
A0143,2025-Q3,4,39
A0143,2025-Q4,4,54
A0143,2026-Q1,4,14
A0144,2025-Q1,3,-11
A0144,2025-Q2,2,-43
A0144,2025-Q3,4,49
A0144,2025-Q4,3,-2
A0144,2026-Q1,3,-1
A0145,2025-Q1,3,-22
A0145,2025-Q2,5,56
A0145,2025-Q3,3,-17
A0145,2025-Q4,3,1
A0145,2026-Q1,2,-30
A0146,2025-Q1,3,20
A0146,2025-Q2,4,35
A0146,2025-Q3,3,-19
A0146,2025-Q4,2,-18
A0146,2026-Q1,3,1
A0147,2025-Q1,4,23
A0147,2025-Q2,3,-14
A0147,2025-Q3,5,63
A0147,2025-Q4,4,33
A0147,2026-Q1,3,17
A0148,2025-Q1,4,23
A0148,2025-Q2,3,-2
A0148,2025-Q3,3,14
A0148,2025-Q4,4,22
A0148,2026-Q1,4,55
A0149,2025-Q1,4,16
A0149,2025-Q2,2,-34
A0149,2025-Q3,4,54
A0149,2025-Q4,4,23
A0149,2026-Q1,3,-7
A0150,2025-Q1,4,31
A0150,2025-Q2,4,37
A0150,2025-Q3,4,27
A0150,2025-Q4,3,8
A0150,2026-Q1,4,54
A0151,2025-Q1,4,51
A0151,2025-Q2,3,11
A0151,2025-Q3,5,65
A0151,2025-Q4,3,16
A0151,2026-Q1,3,-19
A0152,2025-Q1,4,56
A0152,2025-Q2,4,51
A0152,2025-Q3,2,-25
A0152,2025-Q4,3,21
A0152,2026-Q1,4,36
A0153,2025-Q1,4,23
A0153,2025-Q2,3,7
A0153,2025-Q3,4,19
A0153,2025-Q4,4,31
A0153,2026-Q1,3,8
A0154,2025-Q1,4,29
A0154,2025-Q2,3,22
A0154,2025-Q3,3,-20
A0154,2025-Q4,4,36
A0154,2026-Q1,4,15
A0155,2025-Q1,3,-6
A0155,2025-Q2,3,-22
A0155,2025-Q3,4,27
A0155,2025-Q4,2,-35
A0155,2026-Q1,4,32
A0156,2025-Q1,3,-11
A0156,2025-Q2,4,48
A0156,2025-Q3,2,-37
A0156,2025-Q4,3,-18
A0156,2026-Q1,4,57
A0157,2025-Q1,3,3
A0157,2025-Q2,4,47
A0157,2025-Q3,4,27
A0157,2025-Q4,2,-21
A0157,2026-Q1,3,21
A0158,2025-Q1,2,-25
A0158,2025-Q2,4,28
A0158,2025-Q3,4,32
A0158,2025-Q4,4,19
A0158,2026-Q1,3,-12
A0159,2025-Q1,4,52
A0159,2025-Q2,4,56
A0159,2025-Q3,4,45
A0159,2025-Q4,3,-16
A0159,2026-Q1,4,35
A0160,2025-Q1,5,52
A0160,2025-Q2,2,-34
A0160,2025-Q3,4,37
A0160,2025-Q4,4,41
A0160,2026-Q1,4,39
A0161,2025-Q1,4,52
A0161,2025-Q2,3,-12
A0161,2025-Q3,2,-25
A0161,2025-Q4,4,35
A0161,2026-Q1,4,21
A0162,2025-Q1,3,-4
A0162,2025-Q2,4,24
A0163,2025-Q1,2,-23
A0163,2025-Q2,5,73
A0163,2025-Q3,5,83
A0163,2025-Q4,3,-14
A0163,2026-Q1,4,25
A0164,2025-Q1,4,37
A0164,2025-Q2,3,3
A0164,2025-Q3,4,49
A0164,2025-Q4,4,15
A0164,2026-Q1,4,24
A0165,2025-Q1,4,29
A0165,2025-Q2,3,-3
A0165,2025-Q3,3,19
A0165,2025-Q4,3,7
A0165,2026-Q1,4,24
A0166,2025-Q1,4,26
A0166,2025-Q2,3,19
A0166,2025-Q3,4,18
A0166,2025-Q4,5,52
A0166,2026-Q1,3,1
A0167,2025-Q1,4,13
A0167,2025-Q2,3,21
A0167,2025-Q3,5,49
A0167,2025-Q4,3,16
A0167,2026-Q1,4,21
A0168,2025-Q1,2,-44
A0168,2025-Q2,4,19
A0168,2025-Q3,3,22
A0168,2025-Q4,2,-55
A0168,2026-Q1,4,49
A0169,2025-Q1,3,0
A0169,2025-Q2,3,-13
A0169,2025-Q3,3,-8
A0169,2025-Q4,2,-50
A0169,2026-Q1,3,1
A0170,2025-Q1,3,-15
A0170,2025-Q2,4,56
A0170,2025-Q3,3,15
A0170,2025-Q4,3,-9
A0170,2026-Q1,4,23
A0171,2025-Q1,4,53
A0171,2025-Q2,3,-8
A0171,2025-Q3,4,51
A0171,2025-Q4,2,-13
A0171,2026-Q1,4,54
A0172,2025-Q1,4,51
A0172,2025-Q2,4,19
A0172,2025-Q3,3,21
A0172,2025-Q4,2,-50
A0172,2026-Q1,4,51
A0173,2025-Q1,3,-4
A0173,2025-Q2,3,-17
A0173,2025-Q3,4,49
A0173,2025-Q4,4,20
A0173,2026-Q1,4,44
A0174,2025-Q1,3,-13
A0174,2025-Q2,3,3
A0174,2025-Q3,4,42
A0174,2025-Q4,4,36
A0174,2026-Q1,5,72
A0175,2025-Q1,2,-22
A0175,2025-Q2,4,32
A0175,2025-Q3,4,43
A0175,2025-Q4,2,-14
A0175,2026-Q1,4,29
A0176,2025-Q1,3,-15
A0176,2025-Q2,4,46
A0176,2025-Q3,3,-9
A0176,2025-Q4,2,-42
A0176,2026-Q1,4,15
A0177,2025-Q1,5,89
A0177,2025-Q2,3,2
A0177,2025-Q3,3,8
A0177,2025-Q4,4,34
A0177,2026-Q1,4,39
A0178,2025-Q1,2,-48
A0178,2025-Q2,3,-18
A0178,2025-Q3,4,27
A0178,2025-Q4,4,27
A0178,2026-Q1,4,33
A0179,2025-Q1,4,15
A0179,2025-Q2,4,29
A0179,2025-Q3,5,65
A0179,2025-Q4,3,8
A0179,2026-Q1,4,28
A0180,2025-Q1,3,-7
A0180,2025-Q2,5,83
A0180,2025-Q3,4,30
A0180,2025-Q4,3,7
A0180,2026-Q1,2,-29
A0181,2025-Q1,2,-31
A0181,2025-Q2,5,86
A0181,2025-Q3,3,1
A0181,2025-Q4,2,-21
A0181,2026-Q1,3,9
A0182,2025-Q1,4,21
A0182,2025-Q2,4,43
A0182,2025-Q3,4,36
A0182,2025-Q4,4,34
A0182,2026-Q1,5,88
A0183,2025-Q1,4,17
A0183,2025-Q2,2,-22
A0183,2025-Q3,4,22
A0183,2025-Q4,3,-5
A0183,2026-Q1,4,48
A0184,2025-Q1,2,-34
A0184,2025-Q2,4,16
A0184,2025-Q3,4,40
A0184,2025-Q4,4,13
A0184,2026-Q1,4,28
A0185,2025-Q1,4,35
A0185,2025-Q2,3,11
A0185,2025-Q3,3,-21
A0185,2025-Q4,4,17
A0185,2026-Q1,3,8
A0186,2025-Q1,5,49
A0186,2025-Q2,4,22
A0186,2025-Q3,2,-34
A0186,2025-Q4,3,1
A0186,2026-Q1,4,17
A0187,2025-Q1,2,-55
A0187,2025-Q2,3,22
A0187,2025-Q3,4,40
A0187,2025-Q4,3,20
A0187,2026-Q1,4,17
A0188,2025-Q1,4,17
A0188,2025-Q2,3,21
A0188,2025-Q3,5,84
A0188,2025-Q4,3,11
A0188,2026-Q1,3,14
A0189,2025-Q1,4,40
A0189,2025-Q2,4,15
A0189,2025-Q3,4,22
A0189,2025-Q4,4,56
A0189,2026-Q1,4,38
A0190,2025-Q1,4,54
A0190,2025-Q2,4,31
A0190,2025-Q3,4,23
A0190,2025-Q4,3,12
A0190,2026-Q1,3,10
A0191,2025-Q1,4,31
A0191,2025-Q2,5,83
A0191,2025-Q3,3,-20
A0191,2025-Q4,3,17
A0191,2026-Q1,2,-21
A0192,2025-Q1,3,21
A0192,2025-Q2,4,35
A0192,2025-Q3,4,55
A0192,2025-Q4,5,55
A0192,2026-Q1,4,49
A0193,2025-Q1,4,20
A0193,2025-Q2,4,24
A0193,2025-Q3,3,2
A0193,2025-Q4,5,53
A0193,2026-Q1,3,5
A0194,2025-Q1,3,-22
A0194,2025-Q2,2,-38
A0194,2025-Q3,3,18
A0194,2025-Q4,3,-16
A0194,2026-Q1,4,34
A0195,2025-Q1,4,52
A0195,2025-Q2,4,48
A0195,2025-Q3,2,-44
A0195,2025-Q4,3,9
A0195,2026-Q1,4,46
A0196,2025-Q1,4,51
A0196,2025-Q2,4,39
A0196,2025-Q3,4,33
A0196,2025-Q4,3,0
A0196,2026-Q1,4,57
A0197,2025-Q1,4,52
A0197,2025-Q2,4,30
A0197,2025-Q3,3,-14
A0197,2025-Q4,3,-18
A0197,2026-Q1,4,25
A0198,2025-Q1,5,58
A0198,2025-Q2,3,11
A0198,2025-Q3,3,7
A0198,2025-Q4,3,4
A0198,2026-Q1,2,-29
A0199,2025-Q1,3,-13
A0199,2025-Q2,4,44
A0199,2025-Q3,4,19
A0199,2025-Q4,3,-22
A0199,2026-Q1,4,23
A0200,2025-Q1,4,36
A0200,2025-Q2,3,-13
A0200,2025-Q3,3,20
A0200,2025-Q4,3,0
A0200,2026-Q1,3,12
A0201,2025-Q1,4,15
A0201,2025-Q2,4,23
A0201,2025-Q3,2,-24
A0201,2025-Q4,5,67
A0201,2026-Q1,4,51
A0202,2025-Q1,5,67
A0202,2025-Q2,3,-15
A0202,2025-Q3,4,46
A0202,2025-Q4,5,48
A0202,2026-Q1,3,22
A0203,2025-Q1,3,-7
A0203,2025-Q2,3,-19
A0203,2025-Q3,5,81
A0203,2025-Q4,4,35
A0203,2026-Q1,3,-17
A0204,2025-Q1,3,-11
A0204,2025-Q2,3,12
A0204,2025-Q3,2,-50
A0204,2025-Q4,3,8
A0204,2026-Q1,3,-12
A0205,2025-Q1,4,20
A0205,2025-Q2,4,49
A0205,2025-Q3,3,-18
A0205,2025-Q4,4,25
A0205,2026-Q1,3,0
A0206,2025-Q1,4,38
A0206,2025-Q2,2,-38
A0206,2025-Q3,4,54
A0206,2025-Q4,3,16
A0206,2026-Q1,4,40
A0207,2025-Q1,3,17
A0207,2025-Q2,5,66
A0207,2025-Q3,4,55
A0207,2025-Q4,3,15
A0207,2026-Q1,3,-10
A0208,2025-Q1,3,18
A0208,2025-Q2,2,-47
A0208,2025-Q3,5,58
A0209,2025-Q1,4,45
A0209,2025-Q2,3,-10
A0209,2025-Q3,4,19
A0209,2025-Q4,2,-36
A0210,2025-Q1,3,-21
A0210,2025-Q2,3,9
A0210,2025-Q3,4,40
A0210,2025-Q4,3,4
A0210,2026-Q1,4,16
A0211,2025-Q1,4,53
A0211,2025-Q2,3,0
A0211,2025-Q3,4,14
A0211,2025-Q4,4,41
A0211,2026-Q1,4,55
A0212,2025-Q1,5,70
A0212,2025-Q2,5,51
A0212,2025-Q3,3,-22
A0212,2025-Q4,3,-4
A0212,2026-Q1,5,69
A0213,2025-Q1,5,83
A0213,2025-Q2,4,13
A0213,2025-Q3,4,20
A0213,2025-Q4,4,40
A0213,2026-Q1,3,1
A0214,2025-Q1,3,-13
A0214,2025-Q2,4,45
A0214,2025-Q3,3,1
A0214,2025-Q4,4,19
A0214,2026-Q1,4,52
A0215,2025-Q1,3,10
A0215,2025-Q2,3,-6
A0215,2025-Q3,3,-18
A0215,2025-Q4,4,21
A0215,2026-Q1,2,-42
A0216,2025-Q1,4,52
A0216,2025-Q2,3,-6
A0216,2025-Q3,3,4
A0216,2025-Q4,5,50
A0216,2026-Q1,3,1
A0217,2025-Q1,3,-4
A0217,2025-Q2,4,13
A0217,2025-Q3,2,-51
A0217,2025-Q4,4,17
A0217,2026-Q1,4,39
A0218,2025-Q1,2,-23
A0218,2025-Q2,4,19
A0218,2025-Q3,4,49
A0218,2025-Q4,4,18
A0218,2026-Q1,4,16
A0219,2025-Q1,3,-14
A0219,2025-Q2,5,49
A0219,2025-Q3,4,57
A0219,2025-Q4,3,12
A0219,2026-Q1,3,-10
A0220,2025-Q1,3,-15
A0220,2025-Q2,3,3
A0220,2025-Q3,3,22
A0220,2025-Q4,5,66
A0220,2026-Q1,4,20
A0221,2025-Q1,2,-31
A0221,2025-Q2,3,18
A0221,2025-Q3,3,-16
A0221,2025-Q4,4,34
A0221,2026-Q1,4,21
A0222,2025-Q1,4,54
A0222,2025-Q2,5,49
A0222,2025-Q3,4,22
A0222,2025-Q4,4,43
A0222,2026-Q1,3,-2
A0223,2025-Q1,3,-10
A0223,2025-Q2,4,46
A0223,2025-Q3,4,21
A0223,2025-Q4,4,48
A0223,2026-Q1,4,39
A0224,2025-Q1,4,18
A0224,2025-Q2,2,-50
A0224,2025-Q3,3,19
A0224,2025-Q4,4,17
A0224,2026-Q1,4,56
A0225,2025-Q1,3,20
A0225,2025-Q2,4,30
A0225,2025-Q3,4,33
A0225,2025-Q4,2,-37
A0225,2026-Q1,4,23
A0226,2025-Q1,4,25
A0226,2025-Q2,2,-55
A0226,2025-Q3,2,-55
A0226,2025-Q4,4,50
A0226,2026-Q1,3,4
A0227,2025-Q1,4,41
A0227,2025-Q2,4,53
A0227,2025-Q3,4,52
A0227,2025-Q4,3,18
A0227,2026-Q1,4,43
A0228,2025-Q1,4,20
A0229,2025-Q1,4,36
A0229,2025-Q2,4,44
A0229,2025-Q3,3,17
A0229,2025-Q4,4,16
A0229,2026-Q1,3,-19
A0230,2025-Q1,3,12
A0230,2025-Q2,2,-51
A0230,2025-Q3,4,49
A0230,2025-Q4,3,11
A0230,2026-Q1,3,-2
A0231,2025-Q1,4,43
A0231,2025-Q2,4,39
A0231,2025-Q3,4,45
A0231,2025-Q4,4,53
A0231,2026-Q1,4,49
A0232,2025-Q1,4,19
A0232,2025-Q2,4,15
A0232,2025-Q3,4,38
A0232,2025-Q4,4,48
A0232,2026-Q1,4,24
A0233,2025-Q1,4,24
A0233,2025-Q2,4,27
A0233,2025-Q3,4,25
A0233,2025-Q4,3,11
A0233,2026-Q1,4,43
A0234,2025-Q1,2,-21
A0234,2025-Q2,3,12
A0234,2025-Q3,2,-56
A0234,2025-Q4,3,0
A0235,2025-Q1,4,28
A0236,2025-Q1,5,70
A0236,2025-Q2,4,51
A0236,2025-Q3,4,33
A0236,2025-Q4,5,59
A0236,2026-Q1,4,21
A0237,2025-Q1,3,-16
A0237,2025-Q2,3,22
A0237,2025-Q3,4,17
A0237,2025-Q4,3,15
A0237,2026-Q1,4,44
A0238,2025-Q1,4,14
A0238,2025-Q2,3,9
A0238,2025-Q3,3,4
A0238,2025-Q4,3,-17
A0239,2025-Q1,4,36
A0239,2025-Q2,3,-19
A0239,2025-Q3,4,35
A0239,2025-Q4,3,-16
A0240,2025-Q1,3,16
A0240,2025-Q2,3,2
A0240,2025-Q3,3,-13
A0240,2025-Q4,3,-10
A0240,2026-Q1,3,-10
A0241,2025-Q1,3,-17
A0241,2025-Q2,3,13
A0241,2025-Q3,3,-1
A0241,2025-Q4,4,22
A0241,2026-Q1,4,20
A0242,2025-Q1,4,16
A0242,2025-Q2,5,56
A0242,2025-Q3,5,78
A0242,2025-Q4,3,-13
A0242,2026-Q1,3,-17
A0243,2025-Q1,4,41
A0243,2025-Q2,3,13
A0243,2025-Q3,4,37
A0243,2025-Q4,3,-12
A0243,2026-Q1,3,-3
A0244,2025-Q1,5,86
A0244,2025-Q2,4,53
A0244,2025-Q3,5,58
A0244,2025-Q4,4,18
A0244,2026-Q1,3,-21
A0245,2025-Q1,3,-15
A0245,2025-Q2,3,-8
A0245,2025-Q3,4,15
A0245,2025-Q4,4,43
A0245,2026-Q1,4,49
A0246,2025-Q1,4,44
A0246,2025-Q2,3,1
A0246,2025-Q3,4,27
A0246,2025-Q4,4,26
A0246,2026-Q1,5,78
A0247,2025-Q1,3,1
A0247,2025-Q2,3,17
A0247,2025-Q3,3,-11
A0247,2025-Q4,3,-2
A0247,2026-Q1,3,11
A0248,2025-Q1,4,32
A0248,2025-Q2,4,33
A0248,2025-Q3,3,3
A0248,2025-Q4,4,15
A0248,2026-Q1,3,-8
A0249,2025-Q1,4,43
A0249,2025-Q2,2,-54
A0249,2025-Q3,4,24
A0249,2025-Q4,3,-4
A0249,2026-Q1,4,33
A0250,2025-Q1,3,-2
A0250,2025-Q2,4,53
A0250,2025-Q3,3,10
A0250,2025-Q4,4,25
A0250,2026-Q1,4,23
A0251,2025-Q1,4,44
A0251,2025-Q2,4,44
A0251,2025-Q3,4,55
A0251,2025-Q4,4,57
A0251,2026-Q1,3,22
A0252,2025-Q1,3,19
A0252,2025-Q2,3,-3
A0252,2025-Q3,3,0
A0252,2025-Q4,3,17
A0252,2026-Q1,4,33
A0253,2025-Q1,4,30
A0253,2025-Q2,4,18
A0253,2025-Q3,2,-54
A0253,2025-Q4,4,20
A0253,2026-Q1,3,16
A0254,2025-Q1,3,-9
A0254,2025-Q2,3,-21
A0254,2025-Q3,3,17
A0254,2025-Q4,4,55
A0254,2026-Q1,3,14
A0255,2025-Q1,3,3
A0255,2025-Q2,3,-5
A0255,2025-Q3,2,-28
A0255,2025-Q4,4,56
A0255,2026-Q1,4,44
A0256,2025-Q1,4,45
A0256,2025-Q2,5,70
A0256,2025-Q3,3,11
A0256,2025-Q4,4,33
A0256,2026-Q1,3,12
A0257,2025-Q1,4,32
A0257,2025-Q2,4,27
A0257,2025-Q3,4,25
A0257,2025-Q4,5,83
A0257,2026-Q1,4,22
A0258,2025-Q1,5,91
A0258,2025-Q2,3,15
A0258,2025-Q3,4,15
A0258,2025-Q4,4,48
A0258,2026-Q1,4,34
A0259,2025-Q1,4,51
A0259,2025-Q2,3,14
A0259,2025-Q3,4,52
A0259,2025-Q4,3,5
A0259,2026-Q1,4,40
A0260,2025-Q1,5,83
A0260,2025-Q2,2,-38
A0260,2025-Q3,2,-47
A0260,2025-Q4,4,33
A0260,2026-Q1,3,4
A0261,2025-Q1,5,81
A0261,2025-Q2,4,15
A0261,2025-Q3,5,71
A0261,2025-Q4,3,-3
A0261,2026-Q1,4,43
A0262,2025-Q1,3,8
A0262,2025-Q2,5,77
A0262,2025-Q3,2,-46
A0262,2025-Q4,4,18
A0262,2026-Q1,3,-12
A0263,2025-Q1,5,83
A0263,2025-Q2,3,-21
A0263,2025-Q3,3,6
A0263,2025-Q4,5,65
A0263,2026-Q1,3,-21
A0264,2025-Q1,3,-10
A0264,2025-Q2,3,-13
A0264,2025-Q3,2,-15
A0264,2025-Q4,3,1
A0264,2026-Q1,3,-2
A0265,2025-Q1,5,90
A0265,2025-Q2,3,15
A0265,2025-Q3,4,46
A0265,2025-Q4,4,47
A0265,2026-Q1,4,47
A0266,2025-Q1,2,-55
A0266,2025-Q2,5,50
A0266,2025-Q3,4,24
A0266,2025-Q4,4,20
A0266,2026-Q1,2,-14
A0267,2025-Q1,2,-16
A0267,2025-Q2,4,30
A0267,2025-Q3,3,-19
A0267,2025-Q4,4,14
A0267,2026-Q1,3,2
A0268,2025-Q1,4,48
A0268,2025-Q2,5,64
A0268,2025-Q3,4,49
A0268,2025-Q4,4,46
A0268,2026-Q1,2,-15
A0269,2025-Q1,4,37
A0269,2025-Q2,2,-32
A0269,2025-Q3,3,-14
A0269,2025-Q4,3,-3
A0269,2026-Q1,2,-49
A0270,2025-Q1,4,14
A0270,2025-Q2,3,-21
A0270,2025-Q3,3,9
A0270,2025-Q4,4,49
A0270,2026-Q1,4,49
A0271,2025-Q1,4,46
A0271,2025-Q2,2,-44
A0271,2025-Q3,3,21
A0271,2025-Q4,4,44
A0271,2026-Q1,4,44
A0272,2025-Q1,4,55
A0272,2025-Q2,4,14
A0272,2025-Q3,4,20
A0272,2025-Q4,4,44
A0272,2026-Q1,5,77
A0273,2025-Q1,4,32
A0273,2025-Q2,4,56
A0273,2025-Q3,4,19
A0273,2025-Q4,4,37
A0273,2026-Q1,3,-18
A0274,2025-Q1,3,-20
A0274,2025-Q2,3,-13
A0274,2025-Q3,4,27
A0274,2025-Q4,3,5
A0274,2026-Q1,4,37
A0275,2025-Q1,3,-12
A0275,2025-Q2,2,-54
A0275,2025-Q3,4,16
A0275,2025-Q4,5,74
A0275,2026-Q1,4,37
A0276,2025-Q1,4,51
A0276,2025-Q2,4,18
A0276,2025-Q3,4,34
A0276,2025-Q4,3,-13
A0276,2026-Q1,4,42
A0277,2025-Q1,4,39
A0277,2025-Q2,4,33
A0277,2025-Q3,3,8
A0277,2025-Q4,4,35
A0277,2026-Q1,4,54
A0278,2025-Q1,4,56
A0278,2025-Q2,3,10
A0278,2025-Q3,4,23
A0278,2025-Q4,4,50
A0278,2026-Q1,3,3
A0279,2025-Q1,3,19
A0279,2025-Q2,3,12
A0279,2025-Q3,5,67
A0279,2025-Q4,4,42
A0279,2026-Q1,3,9
A0280,2025-Q1,3,-14
A0280,2025-Q2,4,56
A0280,2025-Q3,4,25
A0280,2025-Q4,4,23
A0280,2026-Q1,3,2
A0281,2025-Q1,3,22
A0281,2025-Q2,4,39
A0281,2025-Q3,3,1
A0281,2025-Q4,5,87
A0281,2026-Q1,4,14
A0282,2025-Q1,4,28
A0282,2025-Q2,2,-47
A0282,2025-Q3,4,22
A0282,2025-Q4,4,14
A0282,2026-Q1,3,-5
A0283,2025-Q1,4,49
A0283,2025-Q2,2,-27
A0283,2025-Q3,3,1
A0283,2025-Q4,4,28
A0283,2026-Q1,4,45
A0284,2025-Q1,3,-21
A0284,2025-Q2,3,-2
A0284,2025-Q3,4,37
A0284,2025-Q4,3,-7
A0284,2026-Q1,4,13
A0285,2025-Q1,3,-18
A0285,2025-Q2,4,51
A0285,2025-Q3,5,62
A0285,2025-Q4,4,19
A0285,2026-Q1,3,13
A0286,2025-Q1,3,-1
A0286,2025-Q2,3,4
A0286,2025-Q3,4,46
A0286,2025-Q4,4,21
A0286,2026-Q1,4,15
A0287,2025-Q1,3,3
A0287,2025-Q2,4,31
A0287,2025-Q3,3,13
A0287,2025-Q4,2,-26
A0287,2026-Q1,3,-6
A0288,2025-Q1,3,-11
A0288,2025-Q2,2,-28
A0288,2025-Q3,4,30
A0288,2025-Q4,5,71
A0288,2026-Q1,4,17
A0289,2025-Q1,4,57
A0289,2025-Q2,3,-22
A0289,2025-Q3,5,69
A0289,2025-Q4,3,9
A0289,2026-Q1,4,15
A0290,2025-Q1,3,20
A0290,2025-Q2,4,14
A0290,2025-Q3,4,14
A0290,2025-Q4,4,35
A0290,2026-Q1,4,39
A0291,2025-Q1,4,30
A0291,2025-Q2,4,30
A0291,2025-Q3,2,-28
A0291,2025-Q4,4,39
A0291,2026-Q1,3,16
A0292,2025-Q1,4,55
A0292,2025-Q2,4,47
A0292,2025-Q3,2,-16
A0292,2025-Q4,3,-5
A0292,2026-Q1,3,-21
A0293,2025-Q1,3,-14
A0293,2025-Q2,3,-10
A0293,2025-Q3,4,30
A0293,2025-Q4,4,17
A0293,2026-Q1,4,25
A0294,2025-Q1,5,90
A0294,2025-Q2,3,-20
A0294,2025-Q3,4,14
A0294,2025-Q4,4,34
A0294,2026-Q1,4,13
A0295,2025-Q1,3,4
A0295,2025-Q2,3,-17
A0295,2025-Q3,4,46
A0295,2025-Q4,5,82
A0295,2026-Q1,4,49
A0296,2025-Q1,3,7
A0297,2025-Q1,3,0
A0297,2025-Q2,2,-34
A0297,2025-Q3,4,21
A0297,2025-Q4,4,27
A0297,2026-Q1,3,7
A0298,2025-Q1,2,-22
A0298,2025-Q2,4,20
A0298,2025-Q3,4,57
A0298,2025-Q4,4,22
A0298,2026-Q1,3,-8
A0299,2025-Q1,3,21
A0299,2025-Q2,5,68
A0299,2025-Q3,4,50
A0299,2025-Q4,4,32
A0299,2026-Q1,4,34
A0300,2025-Q1,3,-22
A0300,2025-Q2,4,38
A0300,2025-Q3,3,1
A0300,2025-Q4,4,33
A0300,2026-Q1,4,19
A0301,2025-Q1,4,26
A0301,2025-Q2,4,41
A0301,2025-Q3,5,67
A0301,2025-Q4,4,53
A0301,2026-Q1,4,15
A0302,2025-Q1,4,28
A0302,2025-Q2,2,-55
A0302,2025-Q3,3,-19
A0302,2025-Q4,5,51
A0302,2026-Q1,4,28
A0303,2025-Q1,4,18
A0303,2025-Q2,3,-11
A0303,2025-Q3,5,49
A0303,2025-Q4,4,57
A0303,2026-Q1,4,37
A0304,2025-Q1,3,0
A0304,2025-Q2,5,81
A0304,2025-Q3,5,53
A0304,2025-Q4,4,48
A0304,2026-Q1,3,16
A0305,2025-Q1,4,14
A0305,2025-Q2,4,17
A0305,2025-Q3,3,-1
A0305,2025-Q4,3,12
A0305,2026-Q1,4,44
A0306,2025-Q1,4,33
A0306,2025-Q2,4,22
A0306,2025-Q3,5,89
A0306,2025-Q4,4,31
A0306,2026-Q1,2,-51
A0307,2025-Q1,4,19
A0307,2025-Q2,3,5
A0307,2025-Q3,4,14
A0307,2025-Q4,4,26
A0307,2026-Q1,3,-7
A0308,2025-Q1,4,50
A0308,2025-Q2,4,44
A0308,2025-Q3,4,25
A0308,2025-Q4,3,-22
A0308,2026-Q1,5,68
A0309,2025-Q1,4,48
A0309,2025-Q2,5,50
A0309,2025-Q3,4,28
A0309,2025-Q4,4,45
A0309,2026-Q1,3,12
A0310,2025-Q1,4,28
A0310,2025-Q2,3,22
A0310,2025-Q3,3,-16
A0310,2025-Q4,5,59
A0310,2026-Q1,2,-37
A0311,2025-Q1,3,-10
A0311,2025-Q2,2,-15
A0311,2025-Q3,4,38
A0311,2025-Q4,5,68
A0311,2026-Q1,4,45
A0312,2025-Q1,3,-7
A0312,2025-Q2,4,41
A0312,2025-Q3,2,-21
A0312,2025-Q4,4,57
A0312,2026-Q1,3,21
A0313,2025-Q1,4,18
A0313,2025-Q2,3,11
A0313,2025-Q3,3,-15
A0313,2025-Q4,3,3
A0313,2026-Q1,4,54
A0314,2025-Q1,2,-40
A0314,2025-Q2,4,52
A0314,2025-Q3,4,27
A0314,2025-Q4,2,-42
A0314,2026-Q1,4,38
A0315,2025-Q1,4,42
A0315,2025-Q2,5,51
A0315,2025-Q3,4,14
A0315,2025-Q4,5,82
A0315,2026-Q1,3,22
A0316,2025-Q1,4,40
A0316,2025-Q2,4,28
A0316,2025-Q3,4,32
A0316,2025-Q4,3,10
A0316,2026-Q1,4,54
A0317,2025-Q1,4,42
A0317,2025-Q2,3,-8
A0317,2025-Q3,5,83
A0317,2025-Q4,4,18
A0317,2026-Q1,4,32
A0318,2025-Q1,4,23
A0318,2025-Q2,4,15
A0318,2025-Q3,4,25
A0318,2025-Q4,4,49
A0318,2026-Q1,5,79
A0319,2025-Q1,3,-16
A0319,2025-Q2,3,-8
A0319,2025-Q3,3,-13
A0319,2025-Q4,3,-4
A0319,2026-Q1,3,10
A0320,2025-Q1,5,72
A0320,2025-Q2,3,2
A0320,2025-Q3,3,17
A0320,2025-Q4,2,-22
A0320,2026-Q1,4,36
A0321,2025-Q1,2,-21
A0321,2025-Q2,3,-19
A0321,2025-Q3,3,0
A0321,2025-Q4,2,-56
A0321,2026-Q1,4,21
A0322,2025-Q1,3,-6
A0322,2025-Q2,4,43
A0322,2025-Q3,4,22
A0322,2025-Q4,5,56
A0322,2026-Q1,3,3
A0323,2025-Q1,3,-18
A0323,2025-Q2,4,35
A0323,2025-Q3,4,18
A0323,2025-Q4,4,26
A0323,2026-Q1,4,43
A0324,2025-Q1,3,-17
A0324,2025-Q2,3,9
A0324,2025-Q3,2,-29
A0325,2025-Q1,3,15
A0325,2025-Q2,4,41
A0325,2025-Q3,4,37
A0325,2025-Q4,5,79
A0325,2026-Q1,4,28
A0326,2025-Q1,4,24
A0326,2025-Q2,3,-4
A0326,2025-Q3,3,22
A0326,2025-Q4,2,-38
A0326,2026-Q1,4,54
A0327,2025-Q1,3,4
A0327,2025-Q2,3,-20
A0327,2025-Q3,3,2
A0327,2025-Q4,4,24
A0327,2026-Q1,4,41
A0328,2025-Q1,5,56
A0328,2025-Q2,3,-4
A0328,2025-Q3,4,36
A0328,2025-Q4,3,-2
A0328,2026-Q1,4,51
A0329,2025-Q1,4,14
A0329,2025-Q2,3,0
A0329,2025-Q3,4,41
A0329,2025-Q4,3,14
A0329,2026-Q1,3,-15
A0330,2025-Q1,4,13
A0330,2025-Q2,2,-36
A0330,2025-Q3,5,66
A0330,2025-Q4,2,-26
A0330,2026-Q1,4,44
A0331,2025-Q1,4,13
A0331,2025-Q2,4,36
A0331,2025-Q3,2,-51
A0331,2025-Q4,4,34
A0331,2026-Q1,3,7
A0332,2025-Q1,4,54
A0332,2025-Q2,4,43
A0332,2025-Q3,3,-20
A0332,2025-Q4,3,-6
A0332,2026-Q1,3,16
A0333,2025-Q1,4,13
A0333,2025-Q2,4,54
A0333,2025-Q3,2,-50
A0333,2025-Q4,4,51
A0333,2026-Q1,4,13
A0334,2025-Q1,4,55
A0334,2025-Q2,2,-23
A0334,2025-Q3,4,19
A0334,2025-Q4,5,72
A0334,2026-Q1,3,-17
A0335,2025-Q1,3,-22
A0335,2025-Q2,4,50
A0335,2025-Q3,4,19
A0335,2025-Q4,5,60
A0335,2026-Q1,5,92
A0336,2025-Q1,3,-17
A0336,2025-Q2,3,-4
A0336,2025-Q3,3,-21
A0336,2025-Q4,4,24
A0336,2026-Q1,4,19
A0337,2025-Q1,3,-17
A0337,2025-Q2,2,-21
A0337,2025-Q3,5,57
A0337,2025-Q4,4,55
A0337,2026-Q1,3,-12
A0338,2025-Q1,3,16
A0338,2025-Q2,4,27
A0338,2025-Q3,5,49
A0338,2025-Q4,4,49
A0338,2026-Q1,3,-17
A0339,2025-Q1,4,14
A0339,2025-Q2,4,52
A0339,2025-Q3,4,21
A0339,2025-Q4,4,46
A0339,2026-Q1,3,22
A0340,2025-Q1,5,53
A0340,2025-Q2,3,20
A0340,2025-Q3,3,-19
A0340,2025-Q4,3,-18
A0340,2026-Q1,3,2
A0341,2025-Q1,2,-38
A0341,2025-Q2,2,-46
A0341,2025-Q3,4,28
A0341,2025-Q4,4,50
A0341,2026-Q1,5,67
A0342,2025-Q1,3,-19
A0342,2025-Q2,3,20
A0342,2025-Q3,4,30
A0342,2025-Q4,4,27
A0342,2026-Q1,3,-1
A0343,2025-Q1,5,68
A0344,2025-Q1,4,34
A0344,2025-Q2,4,44
A0344,2025-Q3,4,34
A0344,2025-Q4,4,42
A0344,2026-Q1,3,13
A0345,2025-Q1,3,4
A0345,2025-Q2,4,31
A0345,2025-Q3,4,29
A0345,2025-Q4,3,-3
A0345,2026-Q1,3,-10
A0346,2025-Q1,5,92
A0346,2025-Q2,3,13
A0346,2025-Q3,3,-12
A0346,2025-Q4,4,48
A0346,2026-Q1,4,39
A0347,2025-Q1,2,-31
A0347,2025-Q2,2,-35
A0347,2025-Q3,4,41
A0347,2025-Q4,4,54
A0347,2026-Q1,4,24
A0348,2025-Q1,3,-10
A0348,2025-Q2,4,36
A0348,2025-Q3,3,-5
A0348,2025-Q4,5,71
A0348,2026-Q1,3,2
A0349,2025-Q1,4,46
A0349,2025-Q2,4,50
A0349,2025-Q3,4,24
A0349,2025-Q4,3,4
A0349,2026-Q1,3,1
A0350,2025-Q1,4,25
A0350,2025-Q2,4,57
A0350,2025-Q3,3,13
A0350,2025-Q4,4,24
A0350,2026-Q1,5,62
A0351,2025-Q1,2,-28
A0351,2025-Q2,4,44
A0351,2025-Q3,2,-40
A0351,2025-Q4,3,-12
A0351,2026-Q1,3,7
A0352,2025-Q1,4,52
A0352,2025-Q2,3,10
A0352,2025-Q3,4,55
A0352,2025-Q4,4,14
A0352,2026-Q1,3,3
A0353,2025-Q1,4,53
A0353,2025-Q2,4,19
A0353,2025-Q3,4,53
A0353,2025-Q4,4,18
A0353,2026-Q1,4,35
A0354,2025-Q1,3,19
A0354,2025-Q2,5,59
A0354,2025-Q3,3,-22
A0354,2025-Q4,3,-18
A0354,2026-Q1,3,-11
A0355,2025-Q1,4,25
A0355,2025-Q2,3,4
A0355,2025-Q3,3,-6
A0355,2025-Q4,4,34
A0355,2026-Q1,4,22
A0356,2025-Q1,4,33
A0356,2025-Q2,4,20
A0356,2025-Q3,4,47
A0356,2025-Q4,4,25
A0356,2026-Q1,4,35
A0357,2025-Q1,3,-15
A0357,2025-Q2,4,29
A0357,2025-Q3,4,33
A0357,2025-Q4,4,26
A0357,2026-Q1,3,-9
A0358,2025-Q1,3,-2
A0358,2025-Q2,4,13
A0358,2025-Q3,5,88
A0358,2025-Q4,3,4
A0358,2026-Q1,4,36
A0359,2025-Q1,4,14
A0359,2025-Q2,4,23
A0359,2025-Q3,4,33
A0359,2025-Q4,3,-3
A0359,2026-Q1,4,56
A0360,2025-Q1,4,36
A0360,2025-Q2,4,39
A0360,2025-Q3,4,14
A0360,2025-Q4,4,45
A0360,2026-Q1,3,18
A0361,2025-Q1,4,13
A0361,2025-Q2,4,13
A0361,2025-Q3,5,91
A0361,2025-Q4,3,-13
A0361,2026-Q1,4,36
A0362,2025-Q1,4,30
A0362,2025-Q2,4,18
A0362,2025-Q3,4,34
A0362,2025-Q4,4,20
A0362,2026-Q1,3,-11
A0363,2025-Q1,3,-12
A0363,2025-Q2,4,29
A0363,2025-Q3,4,51
A0363,2025-Q4,4,28
A0363,2026-Q1,4,55
A0364,2025-Q1,3,-17
A0364,2025-Q2,4,48
A0364,2025-Q3,4,42
A0364,2025-Q4,4,45
A0364,2026-Q1,2,-46
A0365,2025-Q1,3,-22
A0365,2025-Q2,2,-41
A0365,2025-Q3,4,40
A0365,2025-Q4,4,29
A0365,2026-Q1,3,6
A0366,2025-Q1,4,18
A0366,2025-Q2,4,14
A0366,2025-Q3,2,-23
A0366,2025-Q4,3,-8
A0366,2026-Q1,4,42
A0367,2025-Q1,3,-8
A0367,2025-Q2,3,20
A0367,2025-Q3,5,81
A0367,2025-Q4,5,53
A0367,2026-Q1,3,5
A0368,2025-Q1,3,4
A0368,2025-Q2,3,10
A0368,2025-Q3,4,30
A0368,2025-Q4,3,-11
A0368,2026-Q1,4,48
A0369,2025-Q1,4,53
A0369,2025-Q2,5,57
A0369,2025-Q3,3,-20
A0369,2025-Q4,4,54
A0369,2026-Q1,3,22
A0370,2025-Q1,4,17
A0370,2025-Q2,4,36
A0370,2025-Q3,3,-4
A0370,2025-Q4,3,17
A0370,2026-Q1,4,51
A0371,2025-Q1,4,37
A0371,2025-Q2,4,49
A0371,2025-Q3,3,21
A0371,2025-Q4,4,46
A0371,2026-Q1,4,55
A0372,2025-Q1,3,6
A0372,2025-Q2,4,44
A0372,2025-Q3,4,54
A0372,2025-Q4,5,87
A0372,2026-Q1,4,28
A0373,2025-Q1,4,39
A0373,2025-Q2,3,8
A0373,2025-Q3,5,58
A0373,2025-Q4,4,42
A0373,2026-Q1,3,10
A0374,2025-Q1,4,21
A0374,2025-Q2,4,17
A0374,2025-Q3,3,1
A0374,2025-Q4,4,45
A0374,2026-Q1,5,69
A0375,2025-Q1,4,20
A0375,2025-Q2,4,37
A0375,2025-Q3,3,0
A0375,2025-Q4,4,37
A0375,2026-Q1,2,-14
A0376,2025-Q1,3,11
A0376,2025-Q2,2,-23
A0377,2025-Q1,3,-7
A0377,2025-Q2,3,-2
A0377,2025-Q3,5,49
A0377,2025-Q4,4,54
A0377,2026-Q1,4,51
A0378,2025-Q1,4,27
A0378,2025-Q2,4,24
A0378,2025-Q3,3,-4
A0378,2025-Q4,4,20
A0378,2026-Q1,3,-2
A0379,2025-Q1,5,87
A0379,2025-Q2,2,-21
A0379,2025-Q3,3,18
A0379,2025-Q4,5,76
A0379,2026-Q1,3,21
A0380,2025-Q1,5,75
A0380,2025-Q2,3,13
A0380,2025-Q3,3,13
A0380,2025-Q4,3,8
A0380,2026-Q1,4,39
A0381,2025-Q1,3,-22
A0381,2025-Q2,3,-9
A0381,2025-Q3,3,1
A0381,2025-Q4,5,60
A0381,2026-Q1,3,10
A0382,2025-Q1,4,56
A0382,2025-Q2,5,76
A0382,2025-Q3,4,15
A0382,2025-Q4,3,-3
A0382,2026-Q1,4,49
A0383,2025-Q1,3,21
A0383,2025-Q2,3,10
A0384,2025-Q1,4,15
A0384,2025-Q2,3,-11
A0384,2025-Q3,3,-14
A0384,2025-Q4,4,15
A0384,2026-Q1,3,15
A0385,2025-Q1,3,0
A0385,2025-Q2,3,13
A0385,2025-Q3,3,-7
A0385,2025-Q4,3,16
A0385,2026-Q1,3,21
A0386,2025-Q1,5,83
A0386,2025-Q2,4,41
A0386,2025-Q3,4,56
A0386,2025-Q4,3,-18
A0386,2026-Q1,5,88
A0387,2025-Q1,3,13
A0387,2025-Q2,4,25
A0387,2025-Q3,3,-14
A0387,2025-Q4,3,12
A0387,2026-Q1,4,34
A0388,2025-Q1,4,50
A0388,2025-Q2,4,26
A0388,2025-Q3,4,19
A0388,2025-Q4,2,-28
A0388,2026-Q1,4,36
A0389,2025-Q1,3,3
A0389,2025-Q2,3,-9
A0389,2025-Q3,5,58
A0389,2025-Q4,4,20
A0389,2026-Q1,4,17
A0390,2025-Q1,4,52
A0390,2025-Q2,5,90
A0390,2025-Q3,3,13
A0390,2025-Q4,4,33
A0391,2025-Q1,5,64
A0391,2025-Q2,5,53
A0391,2025-Q3,5,77
A0391,2025-Q4,5,76
A0391,2026-Q1,3,20
A0392,2025-Q1,4,22
A0392,2025-Q2,3,-5
A0392,2025-Q3,3,-16
A0392,2025-Q4,4,44
A0392,2026-Q1,3,-16
A0393,2025-Q1,4,34
A0393,2025-Q2,5,83
A0393,2025-Q3,3,21
A0393,2025-Q4,3,22
A0393,2026-Q1,4,52
A0394,2025-Q1,2,-34
A0394,2025-Q2,3,21
A0394,2025-Q3,4,37
A0394,2025-Q4,4,27
A0395,2025-Q1,2,-34
A0395,2025-Q2,4,54
A0395,2025-Q3,3,-21
A0395,2025-Q4,4,35
A0395,2026-Q1,3,0
A0396,2025-Q1,4,19
A0396,2025-Q2,2,-25
A0396,2025-Q3,2,-33
A0396,2025-Q4,4,20
A0396,2026-Q1,3,-21
A0397,2025-Q1,4,48
A0397,2025-Q2,3,-2
A0397,2025-Q3,2,-27
A0397,2025-Q4,3,17
A0398,2025-Q1,3,-18
A0398,2025-Q2,3,-3
A0398,2025-Q3,3,-17
A0398,2025-Q4,4,57
A0398,2026-Q1,3,4
A0399,2025-Q1,2,-16
A0399,2025-Q2,4,36
A0399,2025-Q3,3,-18
A0399,2025-Q4,2,-15
A0399,2026-Q1,4,19
A0400,2025-Q1,3,-22
A0400,2025-Q2,3,4
A0400,2025-Q3,4,43
A0400,2025-Q4,4,34
A0400,2026-Q1,3,22
A0401,2025-Q1,3,13
A0401,2025-Q2,2,-44
A0401,2025-Q3,3,-21
A0401,2025-Q4,4,49
A0401,2026-Q1,2,-26
A0402,2025-Q1,3,-15
A0402,2025-Q2,4,13
A0402,2025-Q3,4,26
A0402,2025-Q4,3,-8
A0402,2026-Q1,2,-21
A0403,2025-Q1,4,34
A0403,2025-Q2,3,5
A0403,2025-Q3,4,37
A0403,2025-Q4,5,81
A0403,2026-Q1,3,-17
A0404,2025-Q1,3,2
A0404,2025-Q2,4,35
A0404,2025-Q3,3,1
A0404,2025-Q4,4,57
A0404,2026-Q1,4,47
A0405,2025-Q1,3,9
A0405,2025-Q2,5,61
A0405,2025-Q3,4,51
A0405,2025-Q4,4,13
A0405,2026-Q1,4,52
A0406,2025-Q1,4,48
A0406,2025-Q2,4,39
A0406,2025-Q3,4,15
A0406,2025-Q4,2,-52
A0406,2026-Q1,2,-18
A0407,2025-Q1,4,52
A0407,2025-Q2,4,15
A0407,2025-Q3,4,15
A0407,2025-Q4,3,-11
A0407,2026-Q1,3,12
A0408,2025-Q1,4,40
A0408,2025-Q2,4,42
A0408,2025-Q3,4,43
A0408,2025-Q4,4,49
A0408,2026-Q1,4,19
A0409,2025-Q1,3,-15
A0409,2025-Q2,4,50
A0409,2025-Q3,3,-16
A0409,2025-Q4,4,45
A0409,2026-Q1,4,55
A0410,2025-Q1,4,34
A0410,2025-Q2,4,30
A0410,2025-Q3,4,51
A0410,2025-Q4,4,47
A0410,2026-Q1,4,55
A0411,2025-Q1,3,4
A0411,2025-Q2,3,-1
A0411,2025-Q3,4,27
A0411,2025-Q4,5,77
A0411,2026-Q1,4,47
A0412,2025-Q1,4,13
A0412,2025-Q2,3,-3
A0412,2025-Q3,4,54
A0412,2025-Q4,3,-9
A0412,2026-Q1,3,-17
A0413,2025-Q1,3,16
A0413,2025-Q2,3,5
A0413,2025-Q3,3,0
A0413,2025-Q4,3,-14
A0413,2026-Q1,3,-21
A0414,2025-Q1,3,-16
A0414,2025-Q2,4,20
A0414,2025-Q3,3,-21
A0414,2025-Q4,4,30
A0414,2026-Q1,3,22
A0415,2025-Q1,3,-1
A0415,2025-Q2,5,48
A0415,2025-Q3,4,45
A0415,2025-Q4,4,22
A0415,2026-Q1,4,40
A0416,2025-Q1,3,-20
A0416,2025-Q2,4,19
A0416,2025-Q3,4,25
A0416,2025-Q4,4,46
A0416,2026-Q1,4,21
A0417,2025-Q1,4,35
A0417,2025-Q2,4,48
A0417,2025-Q3,4,15
A0417,2025-Q4,4,29
A0417,2026-Q1,3,-17
A0418,2025-Q1,4,54
A0418,2025-Q2,4,17
A0418,2025-Q3,4,56
A0418,2025-Q4,4,55
A0418,2026-Q1,4,29
A0419,2025-Q1,4,47
A0419,2025-Q2,3,-16
A0419,2025-Q3,4,50
A0419,2025-Q4,4,19
A0419,2026-Q1,4,18
A0420,2025-Q1,4,55
A0420,2025-Q2,4,13
A0420,2025-Q3,4,56
A0420,2025-Q4,5,53
A0420,2026-Q1,3,-20
A0421,2025-Q1,4,37
A0421,2025-Q2,4,33
A0421,2025-Q3,3,3
A0421,2025-Q4,4,21
A0421,2026-Q1,3,2
A0422,2025-Q1,4,41
A0422,2025-Q2,3,19
A0422,2025-Q3,4,20
A0422,2025-Q4,5,54
A0422,2026-Q1,4,30
A0423,2025-Q1,3,3
A0423,2025-Q2,4,39
A0423,2025-Q3,4,32
A0423,2025-Q4,4,55
A0423,2026-Q1,4,21
A0424,2025-Q1,3,-11
A0424,2025-Q2,4,43
A0424,2025-Q3,3,10
A0424,2025-Q4,4,53
A0424,2026-Q1,4,47
A0425,2025-Q1,3,1
A0425,2025-Q2,5,50
A0425,2025-Q3,3,-6
A0425,2025-Q4,3,-4
A0425,2026-Q1,4,34
A0426,2025-Q1,3,-5
A0426,2025-Q2,3,6
A0426,2025-Q3,5,60
A0426,2025-Q4,4,33
A0426,2026-Q1,4,26
A0427,2025-Q1,3,8
A0427,2025-Q2,4,31
A0427,2025-Q3,4,57
A0427,2025-Q4,4,43
A0427,2026-Q1,4,17
A0428,2025-Q1,4,45
A0428,2025-Q2,3,14
A0428,2025-Q3,3,2
A0428,2025-Q4,3,13
A0428,2026-Q1,2,-15
A0429,2025-Q1,3,17
A0429,2025-Q2,4,29
A0429,2025-Q3,3,19
A0429,2025-Q4,3,-13
A0429,2026-Q1,3,15
A0430,2025-Q1,3,4
A0430,2025-Q2,4,47
A0430,2025-Q3,4,45
A0430,2025-Q4,3,-1
A0430,2026-Q1,4,30
A0431,2025-Q1,4,51
A0431,2025-Q2,5,60
A0431,2025-Q3,4,18
A0431,2025-Q4,4,29
A0431,2026-Q1,5,67
A0432,2025-Q1,3,13
A0432,2025-Q2,5,52
A0432,2025-Q3,4,21
A0432,2025-Q4,5,50
A0432,2026-Q1,3,15
A0433,2025-Q1,3,5
A0433,2025-Q2,4,27
A0433,2025-Q3,3,-1
A0433,2025-Q4,4,51
A0433,2026-Q1,4,47
A0434,2025-Q1,3,20
A0434,2025-Q2,3,12
A0434,2025-Q3,3,-18
A0434,2025-Q4,3,22
A0434,2026-Q1,4,49
A0435,2025-Q1,3,3
A0435,2025-Q2,5,62
A0435,2025-Q3,4,45
A0435,2025-Q4,4,31
A0435,2026-Q1,4,18
A0436,2025-Q1,3,-11
A0436,2025-Q2,4,29
A0436,2025-Q3,3,-12
A0436,2025-Q4,4,46
A0436,2026-Q1,4,31
A0437,2025-Q1,4,31
A0437,2025-Q2,3,-21
A0437,2025-Q3,3,-2
A0437,2025-Q4,3,-15
A0437,2026-Q1,4,41
A0438,2025-Q1,4,45
A0438,2025-Q2,2,-38
A0438,2025-Q3,3,19
A0438,2025-Q4,5,67
A0438,2026-Q1,4,30
A0439,2025-Q1,3,22
A0439,2025-Q2,4,42
A0439,2025-Q3,5,70
A0439,2025-Q4,4,54
A0439,2026-Q1,4,28
A0440,2025-Q1,5,82
A0440,2025-Q2,4,27
A0440,2025-Q3,2,-24
A0440,2025-Q4,4,18
A0440,2026-Q1,4,21
A0441,2025-Q1,3,13
A0441,2025-Q2,3,0
A0441,2025-Q3,4,19
A0441,2025-Q4,3,-7
A0441,2026-Q1,3,6
A0442,2025-Q1,4,30
A0442,2025-Q2,4,41
A0442,2025-Q3,3,12
A0442,2025-Q4,3,-20
A0442,2026-Q1,4,54
A0443,2025-Q1,2,-38
A0443,2025-Q2,3,-2
A0443,2025-Q3,4,20
A0443,2025-Q4,4,37
A0443,2026-Q1,3,4
A0444,2025-Q1,3,-18
A0444,2025-Q2,3,3
A0444,2025-Q3,3,3
A0444,2025-Q4,3,-9
A0444,2026-Q1,3,7
A0445,2025-Q1,3,-6
A0445,2025-Q2,3,1
A0445,2025-Q3,3,-6
A0445,2025-Q4,3,-17
A0445,2026-Q1,4,50
A0446,2025-Q1,4,34
A0446,2025-Q2,4,43
A0446,2025-Q3,5,50
A0446,2025-Q4,3,-11
A0446,2026-Q1,4,37
A0447,2025-Q1,4,20
A0447,2025-Q2,4,36
A0447,2025-Q3,2,-29
A0447,2025-Q4,4,25
A0447,2026-Q1,3,5
A0448,2025-Q1,3,12
A0448,2025-Q2,4,27
A0448,2025-Q3,3,9
A0448,2025-Q4,2,-47
A0448,2026-Q1,5,74
A0449,2025-Q1,4,18
A0449,2025-Q2,4,25
A0449,2025-Q3,4,28
A0449,2025-Q4,4,17
A0449,2026-Q1,4,42
A0450,2025-Q1,3,17
A0450,2025-Q2,4,25
A0450,2025-Q3,4,15
A0450,2025-Q4,5,57
A0450,2026-Q1,4,28
A0451,2025-Q1,4,49
A0451,2025-Q2,4,55
A0451,2025-Q3,5,63
A0451,2025-Q4,5,68
A0451,2026-Q1,4,22
A0452,2025-Q1,3,-9
A0452,2025-Q2,5,91
A0452,2025-Q3,4,49
A0452,2025-Q4,4,33
A0452,2026-Q1,4,44
A0453,2025-Q1,3,-21
A0453,2025-Q2,3,-21
A0453,2025-Q3,4,37
A0453,2025-Q4,3,20
A0453,2026-Q1,3,-9
A0454,2025-Q1,3,22
A0454,2025-Q2,3,22
A0454,2025-Q3,4,17
A0454,2025-Q4,3,22
A0454,2026-Q1,3,-8
A0455,2025-Q1,4,45
A0455,2025-Q2,4,54
A0455,2025-Q3,4,53
A0455,2025-Q4,2,-19
A0455,2026-Q1,4,35
A0456,2025-Q1,3,-9
A0456,2025-Q2,5,92
A0456,2025-Q3,4,34
A0456,2025-Q4,4,17
A0456,2026-Q1,4,31
A0457,2025-Q1,3,17
A0457,2025-Q2,4,47
A0457,2025-Q3,3,-15
A0457,2025-Q4,4,49
A0457,2026-Q1,4,28
A0458,2025-Q1,3,-13
A0458,2025-Q2,4,48
A0458,2025-Q3,3,-10
A0458,2025-Q4,4,55
A0458,2026-Q1,4,26
A0459,2025-Q1,3,-11
A0459,2025-Q2,4,17
A0459,2025-Q3,4,49
A0459,2025-Q4,3,-6
A0459,2026-Q1,5,80
A0460,2025-Q1,4,50
A0460,2025-Q2,3,9
A0460,2025-Q3,3,15
A0460,2025-Q4,4,28
A0460,2026-Q1,3,-18
A0461,2025-Q1,3,20
A0461,2025-Q2,3,7
A0461,2025-Q3,2,-52
A0461,2025-Q4,4,50
A0461,2026-Q1,4,49
A0462,2025-Q1,4,55
A0462,2025-Q2,4,24
A0462,2025-Q3,4,44
A0462,2025-Q4,4,28
A0462,2026-Q1,3,22
A0463,2025-Q1,3,-8
A0463,2025-Q2,4,19
A0463,2025-Q3,4,15
A0463,2025-Q4,3,-22
A0463,2026-Q1,4,24
A0464,2025-Q1,4,17
A0464,2025-Q2,5,92
A0464,2025-Q3,3,17
A0464,2025-Q4,4,39
A0464,2026-Q1,2,-50
A0465,2025-Q1,4,31
A0465,2025-Q2,5,49
A0465,2025-Q3,2,-24
A0465,2025-Q4,4,49
A0465,2026-Q1,4,40
A0466,2025-Q1,3,18
A0466,2025-Q2,4,45
A0466,2025-Q3,5,66
A0466,2025-Q4,3,-6
A0466,2026-Q1,5,74
A0467,2025-Q1,4,39
A0467,2025-Q2,2,-34
A0467,2025-Q3,4,17
A0467,2025-Q4,4,20
A0467,2026-Q1,2,-36
A0468,2025-Q1,3,-16
A0468,2025-Q2,4,50
A0468,2025-Q3,2,-54
A0468,2025-Q4,5,73
A0468,2026-Q1,2,-53
A0469,2025-Q1,3,-15
A0469,2025-Q2,3,-14
A0469,2025-Q3,4,46
A0469,2025-Q4,2,-15
A0470,2025-Q1,5,66
A0470,2025-Q2,3,20
A0470,2025-Q3,3,-11
A0470,2025-Q4,4,53
A0470,2026-Q1,3,18
A0471,2025-Q1,4,40
A0471,2025-Q2,4,36
A0471,2025-Q3,3,8
A0471,2025-Q4,4,25
A0471,2026-Q1,2,-42
A0472,2025-Q1,4,51
A0472,2025-Q2,4,33
A0472,2025-Q3,4,18
A0472,2025-Q4,4,30
A0472,2026-Q1,4,51
A0473,2025-Q1,4,36
A0473,2025-Q2,3,22
A0473,2025-Q3,4,45
A0473,2025-Q4,3,-2
A0473,2026-Q1,3,-14
A0474,2025-Q1,5,80
A0474,2025-Q2,4,41
A0474,2025-Q3,4,51
A0474,2025-Q4,3,17
A0474,2026-Q1,4,46
A0475,2025-Q1,2,-25
A0475,2025-Q2,2,-32
A0475,2025-Q3,4,52
A0475,2025-Q4,3,20
A0475,2026-Q1,4,17
A0476,2025-Q1,3,0
A0476,2025-Q2,5,89
A0476,2025-Q3,4,28
A0476,2025-Q4,3,-22
A0476,2026-Q1,3,9
A0477,2025-Q1,3,15
A0477,2025-Q2,2,-44
A0477,2025-Q3,4,25
A0477,2025-Q4,3,-9
A0477,2026-Q1,4,55
A0478,2025-Q1,4,41
A0478,2025-Q2,4,35
A0478,2025-Q3,4,22
A0478,2025-Q4,4,35
A0478,2026-Q1,5,53
A0479,2025-Q1,4,37
A0479,2025-Q2,4,18
A0479,2025-Q3,4,35
A0479,2025-Q4,3,7
A0479,2026-Q1,3,10
A0480,2025-Q1,5,58
A0480,2025-Q2,5,62
A0480,2025-Q3,3,7
A0480,2025-Q4,3,-14
A0480,2026-Q1,2,-39
A0481,2025-Q1,3,8
A0481,2025-Q2,5,81
A0481,2025-Q3,3,-17
A0481,2025-Q4,4,17
A0481,2026-Q1,3,4
A0482,2025-Q1,3,5
A0482,2025-Q2,4,26
A0482,2025-Q3,3,-21
A0482,2025-Q4,5,64
A0482,2026-Q1,4,31
A0483,2025-Q1,5,85
A0483,2025-Q2,4,16
A0483,2025-Q3,4,28
A0483,2025-Q4,3,-1
A0483,2026-Q1,5,73
A0484,2025-Q1,3,10
A0484,2025-Q2,4,19
A0484,2025-Q3,3,9
A0484,2025-Q4,5,59
A0484,2026-Q1,3,16
A0485,2025-Q1,3,-22
A0485,2025-Q2,3,-14
A0486,2025-Q1,3,20
A0486,2025-Q2,3,-15
A0486,2025-Q3,4,20
A0486,2025-Q4,3,-11
A0486,2026-Q1,3,0
A0487,2025-Q1,4,45
A0487,2025-Q2,4,30
A0487,2025-Q3,3,-8
A0487,2025-Q4,4,52
A0487,2026-Q1,4,47
A0488,2025-Q1,5,64
A0488,2025-Q2,3,-2
A0488,2025-Q3,4,15
A0488,2025-Q4,3,-20
A0488,2026-Q1,4,29
A0489,2025-Q1,3,-9
A0489,2025-Q2,5,54
A0489,2025-Q3,5,84
A0489,2025-Q4,4,39
A0489,2026-Q1,4,34
A0490,2025-Q1,4,19
A0490,2025-Q2,5,85
A0490,2025-Q3,3,-8
A0490,2025-Q4,4,57
A0490,2026-Q1,5,91
A0491,2025-Q1,3,19
A0491,2025-Q2,4,21
A0491,2025-Q3,4,43
A0491,2025-Q4,2,-32
A0491,2026-Q1,4,23
A0492,2025-Q1,4,57
A0492,2025-Q2,4,57
A0492,2025-Q3,3,-19
A0492,2025-Q4,3,18
A0492,2026-Q1,4,21
A0493,2025-Q1,3,-11
A0493,2025-Q2,5,88
A0493,2025-Q3,4,24
A0493,2025-Q4,4,18
A0493,2026-Q1,3,-9
A0494,2025-Q1,3,-16
A0494,2025-Q2,4,19
A0494,2025-Q3,4,16
A0494,2025-Q4,4,49
A0494,2026-Q1,3,-18
A0495,2025-Q1,5,82
A0495,2025-Q2,3,-21
A0495,2025-Q3,4,45
A0495,2025-Q4,4,44
A0495,2026-Q1,3,-17
A0496,2025-Q1,3,-15
A0496,2025-Q2,4,35
A0497,2025-Q1,3,0
A0497,2025-Q2,4,28
A0497,2025-Q3,3,22
A0497,2025-Q4,3,11
A0497,2026-Q1,3,6
A0498,2025-Q1,3,2
A0498,2025-Q2,3,17
A0498,2025-Q3,3,16
A0498,2025-Q4,4,50
A0498,2026-Q1,4,37
A0499,2025-Q1,3,20
A0499,2025-Q2,3,-14
A0499,2025-Q3,3,-18
A0499,2025-Q4,5,92
A0499,2026-Q1,3,22
A0500,2025-Q1,4,55
A0500,2025-Q2,4,20
A0500,2025-Q3,4,23
A0500,2025-Q4,4,56
A0500,2026-Q1,4,23
A0501,2025-Q1,3,-10
A0501,2025-Q2,3,-20
A0502,2025-Q1,3,-13
A0502,2025-Q2,3,5
A0502,2025-Q3,3,-19
A0502,2025-Q4,3,-14
A0502,2026-Q1,5,61
A0503,2025-Q1,3,-21
A0503,2025-Q2,5,81
A0504,2025-Q1,2,-44
A0504,2025-Q2,3,13
A0504,2025-Q3,4,54
A0504,2025-Q4,4,35
A0504,2026-Q1,4,27
A0505,2025-Q1,3,-17
A0505,2025-Q2,4,28
A0505,2025-Q3,3,9
A0505,2025-Q4,4,20
A0505,2026-Q1,4,28
A0506,2025-Q1,4,40
A0506,2025-Q2,3,12
A0506,2025-Q3,5,76
A0506,2025-Q4,3,16
A0506,2026-Q1,4,37
A0507,2025-Q1,3,-10
A0507,2025-Q2,3,9
A0507,2025-Q3,3,3
A0507,2025-Q4,4,27
A0507,2026-Q1,5,60
A0508,2025-Q1,3,-9
A0508,2025-Q2,3,-19
A0508,2025-Q3,3,7
A0508,2025-Q4,3,1
A0508,2026-Q1,4,16
A0509,2025-Q1,4,55
A0509,2025-Q2,5,83
A0509,2025-Q3,3,15
A0509,2025-Q4,4,15
A0509,2026-Q1,4,42
A0510,2025-Q1,4,28
A0510,2025-Q2,2,-32
A0510,2025-Q3,3,-15
A0510,2025-Q4,2,-18
A0510,2026-Q1,3,16
A0511,2025-Q1,4,14
A0511,2025-Q2,4,31
A0511,2025-Q3,3,11
A0511,2025-Q4,4,24
A0511,2026-Q1,3,21
A0512,2025-Q1,3,21
A0512,2025-Q2,3,-5
A0512,2025-Q3,4,29
A0512,2025-Q4,4,57
A0512,2026-Q1,4,16
A0513,2025-Q1,3,-5
A0513,2025-Q2,3,0
A0513,2025-Q3,4,44
A0513,2025-Q4,2,-16
A0513,2026-Q1,4,38
A0514,2025-Q1,4,13
A0514,2025-Q2,4,42
A0514,2025-Q3,3,1
A0514,2025-Q4,4,16
A0514,2026-Q1,4,34
A0515,2025-Q1,4,32
A0515,2025-Q2,5,49
A0515,2025-Q3,3,14
A0515,2025-Q4,3,14
A0515,2026-Q1,4,56
A0516,2025-Q1,4,22
A0516,2025-Q2,2,-36
A0516,2025-Q3,4,41
A0516,2025-Q4,2,-55
A0516,2026-Q1,5,62
A0517,2025-Q1,4,45
A0517,2025-Q2,4,57
A0517,2025-Q3,4,30
A0517,2025-Q4,2,-44
A0517,2026-Q1,3,8
A0518,2025-Q1,3,-1
A0518,2025-Q2,3,-7
A0518,2025-Q3,4,51
A0518,2025-Q4,3,-7
A0518,2026-Q1,4,46
A0519,2025-Q1,4,38
A0519,2025-Q2,3,-5
A0519,2025-Q3,4,18
A0519,2025-Q4,4,30
A0519,2026-Q1,3,-14
A0520,2025-Q1,3,16
A0520,2025-Q2,2,-55
A0520,2025-Q3,4,20
A0520,2025-Q4,3,6
A0520,2026-Q1,4,44
A0521,2025-Q1,3,0
A0521,2025-Q2,5,85
A0521,2025-Q3,3,-15
A0521,2025-Q4,4,26
A0521,2026-Q1,3,16
A0522,2025-Q1,3,19
A0522,2025-Q2,4,21
A0522,2025-Q3,3,-21
A0522,2025-Q4,3,-18
A0522,2026-Q1,5,86
A0523,2025-Q1,3,-12
A0523,2025-Q2,3,21
A0523,2025-Q3,4,43
A0523,2025-Q4,3,-4
A0523,2026-Q1,4,14
A0524,2025-Q1,3,6
A0524,2025-Q2,3,21
A0524,2025-Q3,3,-16
A0524,2025-Q4,4,35
A0524,2026-Q1,4,32
A0525,2025-Q1,2,-30
A0525,2025-Q2,3,8
A0525,2025-Q3,3,-7
A0525,2025-Q4,4,20
A0525,2026-Q1,3,17
A0526,2025-Q1,4,49
A0526,2025-Q2,3,-21
A0526,2025-Q3,4,31
A0526,2025-Q4,4,34
A0526,2026-Q1,4,17
A0527,2025-Q1,4,19
A0527,2025-Q2,3,-13
A0527,2025-Q3,4,25
A0527,2025-Q4,4,56
A0527,2026-Q1,3,-6
A0528,2025-Q1,4,30
A0528,2025-Q2,4,40
A0528,2025-Q3,5,67
A0528,2025-Q4,4,51
A0528,2026-Q1,4,33
A0529,2025-Q1,4,27
A0529,2025-Q2,3,-6
A0529,2025-Q3,4,23
A0529,2025-Q4,3,11
A0529,2026-Q1,4,36
A0530,2025-Q1,3,11
A0530,2025-Q2,5,75
A0530,2025-Q3,3,-8
A0530,2025-Q4,4,32
A0530,2026-Q1,3,-16
A0531,2025-Q1,3,-4
A0531,2025-Q2,4,33
A0531,2025-Q3,4,17
A0531,2025-Q4,4,29
A0531,2026-Q1,3,-6
A0532,2025-Q1,3,-10
A0532,2025-Q2,3,18
A0533,2025-Q1,3,1
A0533,2025-Q2,3,-3
A0533,2025-Q3,2,-14
A0533,2025-Q4,4,34
A0533,2026-Q1,3,-16
A0534,2025-Q1,4,25
A0534,2025-Q2,3,4
A0534,2025-Q3,3,-13
A0534,2025-Q4,3,9
A0534,2026-Q1,4,45
A0535,2025-Q1,3,-8
A0535,2025-Q2,3,16
A0535,2025-Q3,4,51
A0535,2025-Q4,3,10
A0535,2026-Q1,4,48
A0536,2025-Q1,3,19
A0536,2025-Q2,4,57
A0536,2025-Q3,3,15
A0536,2025-Q4,4,30
A0536,2026-Q1,4,49
A0537,2025-Q1,4,54
A0537,2025-Q2,5,59
A0537,2025-Q3,4,54
A0537,2025-Q4,4,55
A0537,2026-Q1,4,44
A0538,2025-Q1,3,14
A0538,2025-Q2,3,6
A0538,2025-Q3,5,84
A0538,2025-Q4,5,67
A0538,2026-Q1,4,51
A0539,2025-Q1,3,6
A0539,2025-Q2,3,-12
A0539,2025-Q3,4,46
A0539,2025-Q4,3,-15
A0539,2026-Q1,5,78
A0540,2025-Q1,4,38
A0540,2025-Q2,4,39
A0540,2025-Q3,3,15
A0540,2025-Q4,4,25
A0540,2026-Q1,4,13
A0541,2025-Q1,4,37
A0541,2025-Q2,4,23
A0541,2025-Q3,3,4
A0541,2025-Q4,4,41
A0541,2026-Q1,4,20
A0542,2025-Q1,4,14
A0542,2025-Q2,4,27
A0542,2025-Q3,4,23
A0543,2025-Q1,4,29
A0543,2025-Q2,4,31
A0543,2025-Q3,3,-15
A0543,2025-Q4,2,-28
A0544,2025-Q1,4,56
A0544,2025-Q2,4,56
A0544,2025-Q3,4,34
A0544,2025-Q4,5,90
A0544,2026-Q1,4,20
A0545,2025-Q1,3,-5
A0545,2025-Q2,3,20
A0545,2025-Q3,3,12
A0545,2025-Q4,3,17
A0545,2026-Q1,2,-15
A0546,2025-Q1,4,45
A0546,2025-Q2,4,25
A0546,2025-Q3,3,-15
A0546,2025-Q4,4,22
A0546,2026-Q1,4,19
A0547,2025-Q1,2,-19
A0547,2025-Q2,4,19
A0547,2025-Q3,4,37
A0547,2025-Q4,5,68
A0547,2026-Q1,2,-37
A0548,2025-Q1,4,50
A0548,2025-Q2,2,-22
A0548,2025-Q3,3,-4
A0548,2025-Q4,3,-14
A0548,2026-Q1,4,45
A0549,2025-Q1,3,20
A0549,2025-Q2,3,9
A0549,2025-Q3,3,-2
A0549,2025-Q4,5,66
A0549,2026-Q1,4,38
A0550,2025-Q1,4,42
A0550,2025-Q2,3,13
A0550,2025-Q3,4,16
A0550,2025-Q4,4,56
A0550,2026-Q1,4,22
A0551,2025-Q1,3,-2
A0551,2025-Q2,4,22
A0551,2025-Q3,3,-11
A0551,2025-Q4,3,12
A0551,2026-Q1,3,16
A0552,2025-Q1,4,33
A0552,2025-Q2,5,56
A0552,2025-Q3,3,17
A0552,2025-Q4,4,32
A0552,2026-Q1,4,19
A0553,2025-Q1,3,7
A0553,2025-Q2,4,31
A0553,2025-Q3,4,57
A0553,2025-Q4,3,-14
A0553,2026-Q1,3,-15
A0554,2025-Q1,4,43
A0554,2025-Q2,3,9
A0554,2025-Q3,4,47
A0554,2025-Q4,4,55
A0554,2026-Q1,3,0
A0555,2025-Q1,4,50
A0555,2025-Q2,3,-11
A0555,2025-Q3,3,-3
A0555,2025-Q4,3,-10
A0555,2026-Q1,4,35
A0556,2025-Q1,3,-3
A0556,2025-Q2,4,28
A0556,2025-Q3,5,58
A0556,2025-Q4,3,21
A0556,2026-Q1,4,21
A0557,2025-Q1,3,-4
A0557,2025-Q2,4,15
A0557,2025-Q3,4,27
A0557,2025-Q4,4,38
A0557,2026-Q1,2,-33
A0558,2025-Q1,2,-46
A0558,2025-Q2,3,-10
A0558,2025-Q3,2,-43
A0558,2025-Q4,3,-22
A0558,2026-Q1,4,51
A0559,2025-Q1,3,-10
A0559,2025-Q2,4,39
A0559,2025-Q3,4,31
A0559,2025-Q4,4,35
A0559,2026-Q1,4,26
A0560,2025-Q1,3,1
A0560,2025-Q2,4,20
A0560,2025-Q3,4,26
A0560,2025-Q4,3,-1
A0560,2026-Q1,3,8
A0561,2025-Q1,5,48
A0561,2025-Q2,4,49
A0561,2025-Q3,3,9
A0561,2025-Q4,3,-13
A0561,2026-Q1,3,20
A0562,2025-Q1,3,-4
A0562,2025-Q2,4,42
A0562,2025-Q3,5,84
A0562,2025-Q4,4,48
A0562,2026-Q1,4,57
A0563,2025-Q1,3,1
A0563,2025-Q2,4,33
A0563,2025-Q3,4,56
A0563,2025-Q4,3,-8
A0563,2026-Q1,4,57
A0564,2025-Q1,3,6
A0564,2025-Q2,4,55
A0564,2025-Q3,3,-6
A0564,2025-Q4,5,89
A0564,2026-Q1,4,36
A0565,2025-Q1,3,-4
A0565,2025-Q2,2,-54
A0565,2025-Q3,4,33
A0565,2025-Q4,2,-37
A0565,2026-Q1,4,43
A0566,2025-Q1,4,47
A0566,2025-Q2,3,16
A0566,2025-Q3,4,49
A0566,2025-Q4,3,-1
A0566,2026-Q1,4,53
A0567,2025-Q1,3,9
A0567,2025-Q2,5,55
A0567,2025-Q3,3,-20
A0567,2025-Q4,4,49
A0567,2026-Q1,4,22
A0568,2025-Q1,4,45
A0568,2025-Q2,3,-10
A0568,2025-Q3,3,22
A0568,2025-Q4,4,55
A0568,2026-Q1,4,41
A0569,2025-Q1,3,-16
A0569,2025-Q2,3,7
A0569,2025-Q3,4,56
A0569,2025-Q4,3,-11
A0569,2026-Q1,4,41
A0570,2025-Q1,2,-15
A0570,2025-Q2,4,35
A0570,2025-Q3,4,25
A0570,2025-Q4,4,26
A0570,2026-Q1,3,17
A0571,2025-Q1,4,53
A0572,2025-Q1,4,55
A0572,2025-Q2,3,2
A0572,2025-Q3,3,12
A0572,2025-Q4,4,50
A0572,2026-Q1,3,10
A0573,2025-Q1,4,23
A0573,2025-Q2,4,15
A0573,2025-Q3,4,57
A0573,2025-Q4,4,17
A0573,2026-Q1,4,19
A0574,2025-Q1,4,52
A0574,2025-Q2,4,37
A0574,2025-Q3,3,16
A0574,2025-Q4,4,22
A0574,2026-Q1,4,34
A0575,2025-Q1,3,-9
A0575,2025-Q2,3,-19
A0575,2025-Q3,3,18
A0575,2025-Q4,3,17
A0575,2026-Q1,4,38
A0576,2025-Q1,3,6
A0576,2025-Q2,3,5
A0576,2025-Q3,5,49
A0576,2025-Q4,4,44
A0576,2026-Q1,4,24
A0577,2025-Q1,4,27
A0577,2025-Q2,4,19
A0577,2025-Q3,3,-14
A0577,2025-Q4,4,49
A0577,2026-Q1,3,4
A0578,2025-Q1,4,34
A0578,2025-Q2,4,50
A0578,2025-Q3,3,-4
A0578,2025-Q4,3,5
A0578,2026-Q1,3,-18
A0579,2025-Q1,3,-22
A0579,2025-Q2,4,49
A0579,2025-Q3,5,82
A0579,2025-Q4,3,-2
A0579,2026-Q1,4,15
A0580,2025-Q1,3,7
A0580,2025-Q2,5,50
A0580,2025-Q3,4,31
A0580,2025-Q4,5,49
A0580,2026-Q1,5,71
A0581,2025-Q1,4,41
A0581,2025-Q2,3,16
A0581,2025-Q3,3,0
A0581,2025-Q4,3,9
A0581,2026-Q1,3,20
A0582,2025-Q1,3,-7
A0582,2025-Q2,3,17
A0582,2025-Q3,4,16
A0582,2025-Q4,4,23
A0582,2026-Q1,3,-4
A0583,2025-Q1,4,19
A0583,2025-Q2,5,83
A0583,2025-Q3,5,74
A0583,2025-Q4,4,57
A0583,2026-Q1,4,15
A0584,2025-Q1,3,6
A0584,2025-Q2,4,20
A0584,2025-Q3,5,75
A0584,2025-Q4,4,17
A0584,2026-Q1,3,6
A0585,2025-Q1,3,-2
A0585,2025-Q2,3,-16
A0585,2025-Q3,3,-2
A0585,2025-Q4,4,13
A0585,2026-Q1,3,15
A0586,2025-Q1,4,41
A0586,2025-Q2,4,21
A0586,2025-Q3,2,-49
A0586,2025-Q4,4,49
A0586,2026-Q1,3,19
A0587,2025-Q1,4,19
A0587,2025-Q2,5,57
A0587,2025-Q3,3,-22
A0587,2025-Q4,4,36
A0587,2026-Q1,2,-17
A0588,2025-Q1,2,-15
A0588,2025-Q2,3,9
A0588,2025-Q3,3,15
A0588,2025-Q4,4,15
A0588,2026-Q1,4,31
A0589,2025-Q1,4,54
A0589,2025-Q2,3,20
A0589,2025-Q3,3,-5
A0589,2025-Q4,4,45
A0589,2026-Q1,4,26
A0590,2025-Q1,3,-2
A0590,2025-Q2,4,16
A0590,2025-Q3,4,28
A0590,2025-Q4,4,28
A0590,2026-Q1,3,-3
A0591,2025-Q1,3,-13
A0591,2025-Q2,4,17
A0591,2025-Q3,5,51
A0591,2025-Q4,4,26
A0591,2026-Q1,4,41
A0592,2025-Q1,3,1
A0592,2025-Q2,4,53
A0592,2025-Q3,5,59
A0592,2025-Q4,3,17
A0592,2026-Q1,4,35
A0593,2025-Q1,2,-49
A0593,2025-Q2,4,34
A0593,2025-Q3,4,49
A0593,2025-Q4,3,13
A0593,2026-Q1,4,29
A0594,2025-Q1,4,30
A0594,2025-Q2,4,46
A0594,2025-Q3,4,38
A0594,2025-Q4,4,53
A0594,2026-Q1,4,39
A0595,2025-Q1,4,48
A0595,2025-Q2,4,53
A0595,2025-Q3,3,21
A0595,2025-Q4,3,-12
A0595,2026-Q1,2,-33
A0596,2025-Q1,4,50
A0596,2025-Q2,4,37
A0596,2025-Q3,3,-5
A0596,2025-Q4,4,32
A0596,2026-Q1,3,15
A0597,2025-Q1,4,20
A0597,2025-Q2,3,-5
A0597,2025-Q3,4,25
A0597,2025-Q4,3,-9
A0597,2026-Q1,3,0
A0598,2025-Q1,4,47
A0598,2025-Q2,4,53
A0598,2025-Q3,4,13
A0598,2025-Q4,4,54
A0598,2026-Q1,4,13
A0599,2025-Q1,3,4
A0599,2025-Q2,4,27
A0599,2025-Q3,4,19
A0599,2025-Q4,5,64
A0599,2026-Q1,4,16
A0600,2025-Q1,4,36
A0600,2025-Q2,3,17
A0600,2025-Q3,4,52
A0600,2025-Q4,4,24
A0600,2026-Q1,3,-6
A0601,2025-Q1,4,48
A0601,2025-Q2,4,53
A0601,2025-Q3,3,12
A0601,2025-Q4,4,33
A0601,2026-Q1,2,-44
A0602,2025-Q1,3,-4
A0602,2025-Q2,4,41
A0602,2025-Q3,3,-7
A0602,2025-Q4,4,27
A0602,2026-Q1,4,14
A0603,2025-Q1,4,43
A0603,2025-Q2,2,-41
A0603,2025-Q3,2,-13
A0603,2025-Q4,4,57
A0603,2026-Q1,4,56
A0604,2025-Q1,3,17
A0604,2025-Q2,3,13
A0604,2025-Q3,3,7
A0604,2025-Q4,4,16
A0604,2026-Q1,4,26
A0605,2025-Q1,3,-2
A0605,2025-Q2,3,6
A0605,2025-Q3,5,86
A0605,2025-Q4,2,-53
A0605,2026-Q1,4,17
A0606,2025-Q1,4,39
A0606,2025-Q2,2,-43
A0606,2025-Q3,4,55
A0606,2025-Q4,3,16
A0606,2026-Q1,4,45
A0607,2025-Q1,3,14
A0607,2025-Q2,3,13
A0607,2025-Q3,3,17
A0607,2025-Q4,3,-1
A0607,2026-Q1,4,43
A0608,2025-Q1,2,-21
A0608,2025-Q2,4,53
A0608,2025-Q3,4,31
A0608,2025-Q4,4,34
A0608,2026-Q1,2,-15
A0609,2025-Q1,2,-53
A0609,2025-Q2,3,-11
A0609,2025-Q3,3,-7
A0609,2025-Q4,4,23
A0609,2026-Q1,4,25
A0610,2025-Q1,4,32
A0610,2025-Q2,4,14
A0610,2025-Q3,3,3
A0610,2025-Q4,4,37
A0610,2026-Q1,4,29
A0611,2025-Q1,4,22
A0611,2025-Q2,4,18
A0611,2025-Q3,4,22
A0611,2025-Q4,3,-14
A0611,2026-Q1,2,-36
A0612,2025-Q1,4,31
A0612,2025-Q2,3,20
A0612,2025-Q3,3,-12
A0612,2025-Q4,4,33
A0612,2026-Q1,4,30
A0613,2025-Q1,4,21
A0613,2025-Q2,2,-48
A0613,2025-Q3,4,19
A0613,2025-Q4,3,16
A0613,2026-Q1,4,19
A0614,2025-Q1,3,-17
A0614,2025-Q2,4,29
A0614,2025-Q3,5,52
A0614,2025-Q4,4,48
A0614,2026-Q1,4,45
A0615,2025-Q1,4,25
A0615,2025-Q2,2,-23
A0615,2025-Q3,2,-50
A0615,2025-Q4,3,-6
A0615,2026-Q1,4,29
A0616,2025-Q1,3,15
A0616,2025-Q2,4,28
A0616,2025-Q3,3,-11
A0616,2025-Q4,3,-17
A0616,2026-Q1,3,1
A0617,2025-Q1,2,-29
A0617,2025-Q2,3,-13
A0617,2025-Q3,3,-12
A0618,2025-Q1,4,46
A0618,2025-Q2,3,-5
A0618,2025-Q3,4,35
A0618,2025-Q4,3,1
A0618,2026-Q1,4,22
A0619,2025-Q1,4,56
A0619,2025-Q2,4,17
A0619,2025-Q3,3,8
A0619,2025-Q4,4,44
A0619,2026-Q1,3,13
A0620,2025-Q1,4,50
A0620,2025-Q2,4,51
A0620,2025-Q3,4,20
A0620,2025-Q4,3,2
A0620,2026-Q1,4,15
A0621,2025-Q1,4,27
A0621,2025-Q2,3,17
A0621,2025-Q3,4,39
A0621,2025-Q4,2,-22
A0621,2026-Q1,4,24
A0622,2025-Q1,3,-6
A0622,2025-Q2,4,53
A0622,2025-Q3,2,-50
A0622,2025-Q4,4,24
A0623,2025-Q1,4,41
A0623,2025-Q2,4,23
A0623,2025-Q3,3,-4
A0623,2025-Q4,4,55
A0623,2026-Q1,3,15
A0624,2025-Q1,3,-14
A0624,2025-Q2,5,64
A0624,2025-Q3,5,64
A0624,2025-Q4,2,-30
A0624,2026-Q1,4,19
A0625,2025-Q1,4,17
A0625,2025-Q2,4,38
A0625,2025-Q3,4,27
A0625,2025-Q4,4,27
A0625,2026-Q1,5,75
A0626,2025-Q1,5,67
A0626,2025-Q2,5,76
A0626,2025-Q3,4,35
A0626,2025-Q4,4,47
A0626,2026-Q1,4,32
