account_id,fiscal_quarter,arr_usd
A0001,2025-Q1,101000
A0001,2025-Q2,101000
A0001,2025-Q3,106000
A0001,2025-Q4,106000
A0001,2026-Q1,106000
A0002,2025-Q1,222000
A0002,2025-Q2,534000
A0002,2025-Q3,534000
A0002,2025-Q4,534000
A0002,2026-Q1,534000
A0003,2025-Q1,126000
A0003,2025-Q2,237000
A0003,2025-Q3,237000
A0003,2025-Q4,237000
A0003,2026-Q1,237000
A0004,2025-Q1,12000
A0004,2025-Q2,0
A0005,2025-Q1,12000
A0005,2025-Q2,12000
A0005,2025-Q3,18000
A0005,2025-Q4,18000
A0005,2026-Q1,18000
A0006,2025-Q1,81000
A0006,2025-Q2,93000
A0006,2025-Q3,93000
A0006,2025-Q4,93000
A0006,2026-Q1,93000
A0007,2025-Q1,137000
A0007,2025-Q2,351000
A0007,2025-Q3,351000
A0007,2025-Q4,351000
A0007,2026-Q1,351000
A0008,2025-Q1,73000
A0008,2025-Q2,73000
A0008,2025-Q3,73000
A0008,2025-Q4,73000
A0008,2026-Q1,73000
A0009,2025-Q1,288000
A0009,2025-Q2,288000
A0009,2025-Q3,288000
A0009,2025-Q4,288000
A0009,2026-Q1,636000
A0010,2025-Q1,21000
A0010,2025-Q2,21000
A0010,2025-Q3,21000
A0010,2025-Q4,21000
A0010,2026-Q1,21000
A0011,2025-Q1,229000
A0011,2025-Q2,229000
A0011,2025-Q3,229000
A0011,2025-Q4,640000
A0011,2026-Q1,640000
A0012,2025-Q1,111000
A0012,2025-Q2,111000
A0012,2025-Q3,40000
A0012,2025-Q4,40000
A0012,2026-Q1,40000
A0013,2025-Q1,236000
A0013,2025-Q2,236000
A0013,2025-Q3,391000
A0013,2025-Q4,391000
A0013,2026-Q1,391000
A0014,2025-Q1,165000
A0014,2025-Q2,165000
A0014,2025-Q3,165000
A0014,2025-Q4,355000
A0014,2026-Q1,355000
A0015,2025-Q1,226000
A0015,2025-Q2,226000
A0015,2025-Q3,226000
A0015,2025-Q4,313000
A0015,2026-Q1,313000
A0016,2025-Q1,49000
A0016,2025-Q2,49000
A0016,2025-Q3,49000
A0016,2025-Q4,62000
A0016,2026-Q1,62000
A0017,2025-Q1,20000
A0017,2025-Q2,20000
A0017,2025-Q3,20000
A0017,2025-Q4,20000
A0017,2026-Q1,144000
A0018,2025-Q1,132000
A0018,2025-Q2,110000
A0018,2025-Q3,110000
A0018,2025-Q4,110000
A0018,2026-Q1,110000
A0019,2025-Q1,224000
A0019,2025-Q2,347000
A0019,2025-Q3,347000
A0019,2025-Q4,347000
A0019,2026-Q1,514000
A0020,2025-Q1,61000
A0020,2025-Q2,61000
A0020,2025-Q3,144000
A0020,2025-Q4,144000
A0020,2026-Q1,144000
A0021,2025-Q1,31000
A0021,2025-Q2,33000
A0021,2025-Q3,33000
A0021,2025-Q4,33000
A0021,2026-Q1,33000
A0022,2025-Q1,158000
A0022,2025-Q2,158000
A0022,2025-Q3,158000
A0022,2025-Q4,269000
A0022,2026-Q1,269000
A0023,2025-Q1,555000
A0023,2025-Q2,555000
A0023,2025-Q3,555000
A0023,2025-Q4,555000
A0023,2026-Q1,464000
A0024,2025-Q1,45000
A0024,2025-Q2,45000
A0024,2025-Q3,45000
A0024,2025-Q4,46000
A0024,2026-Q1,46000
A0025,2025-Q1,54000
A0025,2025-Q2,94000
A0025,2025-Q3,94000
A0025,2025-Q4,94000
A0025,2026-Q1,94000
A0026,2025-Q1,120000
A0026,2025-Q2,120000
A0026,2025-Q3,133000
A0026,2025-Q4,133000
A0026,2026-Q1,0
A0027,2025-Q1,33000
A0027,2025-Q2,33000
A0027,2025-Q3,33000
A0027,2025-Q4,62000
A0027,2026-Q1,62000
A0028,2025-Q1,12000
A0028,2025-Q2,12000
A0028,2025-Q3,12000
A0028,2025-Q4,12000
A0028,2026-Q1,27000
A0029,2025-Q1,235000
A0029,2025-Q2,235000
A0029,2025-Q3,235000
A0029,2025-Q4,235000
A0029,2026-Q1,332000
A0030,2025-Q1,491000
A0030,2025-Q2,491000
A0030,2025-Q3,491000
A0030,2025-Q4,491000
A0030,2026-Q1,504000
A0031,2025-Q1,31000
A0031,2025-Q2,54000
A0031,2025-Q3,54000
A0031,2025-Q4,54000
A0031,2026-Q1,54000
A0032,2025-Q1,444000
A0032,2025-Q2,444000
A0032,2025-Q3,444000
A0032,2025-Q4,444000
A0032,2026-Q1,256000
A0033,2025-Q1,147000
A0033,2025-Q2,147000
A0033,2025-Q3,147000
A0033,2025-Q4,147000
A0033,2026-Q1,390000
A0034,2025-Q1,211000
A0034,2025-Q2,364000
A0034,2025-Q3,364000
A0034,2025-Q4,364000
A0034,2026-Q1,364000
A0035,2025-Q1,57000
A0035,2025-Q2,57000
A0035,2025-Q3,128000
A0035,2025-Q4,128000
A0035,2026-Q1,128000
A0036,2025-Q1,60000
A0036,2025-Q2,60000
A0036,2025-Q3,0
A0037,2025-Q1,221000
A0037,2025-Q2,440000
A0037,2025-Q3,440000
A0037,2025-Q4,440000
A0037,2026-Q1,440000
A0038,2025-Q1,167000
A0038,2025-Q2,167000
A0038,2025-Q3,167000
A0038,2025-Q4,167000
A0038,2026-Q1,14000
A0039,2025-Q1,185000
A0039,2025-Q2,185000
A0039,2025-Q3,185000
A0039,2025-Q4,185000
A0039,2026-Q1,196000
A0040,2025-Q1,83000
A0040,2025-Q2,264000
A0040,2025-Q3,264000
A0040,2025-Q4,264000
A0040,2026-Q1,264000
A0041,2025-Q1,40000
A0041,2025-Q2,40000
A0041,2025-Q3,40000
A0041,2025-Q4,40000
A0041,2026-Q1,40000
A0042,2025-Q1,11000
A0042,2025-Q2,11000
A0042,2025-Q3,57000
A0042,2025-Q4,27000
A0042,2026-Q1,27000
A0043,2025-Q1,95000
A0043,2025-Q2,95000
A0043,2025-Q3,118000
A0043,2025-Q4,118000
A0043,2026-Q1,118000
A0044,2025-Q1,156000
A0044,2025-Q2,156000
A0044,2025-Q3,156000
A0044,2025-Q4,334000
A0044,2026-Q1,334000
A0045,2025-Q1,190000
A0045,2025-Q2,190000
A0045,2025-Q3,190000
A0045,2025-Q4,190000
A0045,2026-Q1,190000
A0046,2025-Q1,16000
A0046,2025-Q2,196000
A0046,2025-Q3,277000
A0046,2025-Q4,277000
A0046,2026-Q1,0
A0047,2025-Q1,261000
A0047,2025-Q2,261000
A0047,2025-Q3,261000
A0047,2025-Q4,364000
A0047,2026-Q1,364000
A0048,2025-Q1,251000
A0048,2025-Q2,251000
A0048,2025-Q3,251000
A0048,2025-Q4,251000
A0048,2026-Q1,251000
A0049,2025-Q1,214000
A0049,2025-Q2,214000
A0049,2025-Q3,214000
A0049,2025-Q4,214000
A0049,2026-Q1,329000
A0050,2025-Q1,156000
A0050,2025-Q2,156000
A0050,2025-Q3,156000
A0050,2025-Q4,156000
A0050,2026-Q1,167000
A0051,2025-Q1,536000
A0051,2025-Q2,536000
A0051,2025-Q3,536000
A0051,2025-Q4,536000
A0051,2026-Q1,536000
A0052,2025-Q1,216000
A0052,2025-Q2,271000
A0052,2025-Q3,271000
A0052,2025-Q4,271000
A0052,2026-Q1,271000
A0053,2025-Q1,83000
A0053,2025-Q2,83000
A0053,2025-Q3,83000
A0053,2025-Q4,83000
A0053,2026-Q1,83000
A0054,2025-Q1,22000
A0054,2025-Q2,22000
A0054,2025-Q3,22000
A0054,2025-Q4,22000
A0054,2026-Q1,26000
A0055,2025-Q1,180000
A0055,2025-Q2,180000
A0055,2025-Q3,180000
A0055,2025-Q4,626000
A0055,2026-Q1,626000
A0056,2025-Q1,171000
A0056,2025-Q2,171000
A0056,2025-Q3,171000
A0056,2025-Q4,171000
A0056,2026-Q1,171000
A0057,2025-Q1,73000
A0057,2025-Q2,112000
A0057,2025-Q3,112000
A0057,2025-Q4,112000
A0057,2026-Q1,98000
A0058,2025-Q1,72000
A0058,2025-Q2,72000
A0058,2025-Q3,72000
A0058,2025-Q4,72000
A0058,2026-Q1,72000
A0059,2025-Q1,362000
A0059,2025-Q2,418000
A0059,2025-Q3,418000
A0059,2025-Q4,418000
A0059,2026-Q1,208000
A0060,2025-Q1,395000
A0060,2025-Q2,395000
A0060,2025-Q3,221000
A0060,2025-Q4,221000
A0060,2026-Q1,351000
A0061,2025-Q1,131000
A0061,2025-Q2,331000
A0061,2025-Q3,331000
A0061,2025-Q4,331000
A0061,2026-Q1,331000
A0062,2025-Q1,99000
A0062,2025-Q2,99000
A0062,2025-Q3,99000
A0062,2025-Q4,99000
A0062,2026-Q1,0
A0063,2025-Q1,251000
A0063,2025-Q2,251000
A0063,2025-Q3,274000
A0063,2025-Q4,274000
A0063,2026-Q1,274000
A0064,2025-Q1,34000
A0064,2025-Q2,34000
A0064,2025-Q3,38000
A0064,2025-Q4,38000
A0064,2026-Q1,38000
A0065,2025-Q1,12000
A0065,2025-Q2,12000
A0065,2025-Q3,12000
A0065,2025-Q4,12000
A0065,2026-Q1,12000
A0066,2025-Q1,95000
A0066,2025-Q2,95000
A0066,2025-Q3,95000
A0066,2025-Q4,278000
A0066,2026-Q1,278000
A0067,2025-Q1,188000
A0067,2025-Q2,188000
A0067,2025-Q3,189000
A0067,2025-Q4,189000
A0067,2026-Q1,189000
A0068,2025-Q1,147000
A0068,2025-Q2,147000
A0068,2025-Q3,288000
A0068,2025-Q4,288000
A0068,2026-Q1,288000
A0069,2025-Q1,124000
A0069,2025-Q2,124000
A0069,2025-Q3,124000
A0069,2025-Q4,280000
A0069,2026-Q1,280000
A0070,2025-Q1,13000
A0070,2025-Q2,13000
A0070,2025-Q3,27000
A0070,2025-Q4,27000
A0070,2026-Q1,27000
A0071,2025-Q1,159000
A0071,2025-Q2,159000
A0071,2025-Q3,159000
A0071,2025-Q4,253000
A0071,2026-Q1,253000
A0072,2025-Q1,136000
A0072,2025-Q2,136000
A0072,2025-Q3,192000
A0072,2025-Q4,192000
A0072,2026-Q1,192000
A0073,2025-Q1,269000
A0073,2025-Q2,269000
A0073,2025-Q3,282000
A0073,2025-Q4,802000
A0073,2026-Q1,802000
A0074,2025-Q1,176000
A0074,2025-Q2,176000
A0074,2025-Q3,176000
A0074,2025-Q4,176000
A0074,2026-Q1,176000
A0075,2025-Q1,99000
A0075,2025-Q2,99000
A0075,2025-Q3,99000
A0075,2025-Q4,99000
A0075,2026-Q1,103000
A0076,2025-Q1,12000
A0076,2025-Q2,12000
A0076,2025-Q3,12000
A0076,2025-Q4,19000
A0076,2026-Q1,19000
A0077,2025-Q1,12000
A0077,2025-Q2,12000
A0077,2025-Q3,12000
A0077,2025-Q4,12000
A0077,2026-Q1,12000
A0078,2025-Q1,201000
A0078,2025-Q2,201000
A0078,2025-Q3,201000
A0078,2025-Q4,201000
A0078,2026-Q1,201000
A0079,2025-Q1,87000
A0079,2025-Q2,87000
A0079,2025-Q3,87000
A0079,2025-Q4,87000
A0079,2026-Q1,0
A0080,2025-Q1,152000
A0080,2025-Q2,152000
A0080,2025-Q3,152000
A0080,2025-Q4,448000
A0080,2026-Q1,448000
A0081,2025-Q1,129000
A0081,2025-Q2,129000
A0081,2025-Q3,392000
A0081,2025-Q4,392000
A0081,2026-Q1,183000
A0082,2025-Q1,79000
A0082,2025-Q2,228000
A0082,2025-Q3,228000
A0082,2025-Q4,228000
A0082,2026-Q1,228000
A0083,2025-Q1,248000
A0083,2025-Q2,248000
A0083,2025-Q3,468000
A0083,2025-Q4,468000
A0083,2026-Q1,468000
A0084,2025-Q1,98000
A0084,2025-Q2,98000
A0084,2025-Q3,98000
A0084,2025-Q4,98000
A0084,2026-Q1,102000
A0085,2025-Q1,143000
A0085,2025-Q2,143000
A0085,2025-Q3,143000
A0085,2025-Q4,171000
A0085,2026-Q1,220000
A0086,2025-Q1,195000
A0086,2025-Q2,195000
A0086,2025-Q3,226000
A0086,2025-Q4,226000
A0086,2026-Q1,226000
A0087,2025-Q1,219000
A0087,2025-Q2,219000
A0087,2025-Q3,291000
A0087,2025-Q4,291000
A0087,2026-Q1,291000
A0088,2025-Q1,239000
A0088,2025-Q2,239000
A0088,2025-Q3,239000
A0088,2025-Q4,381000
A0088,2026-Q1,381000
A0089,2025-Q1,13000
A0089,2025-Q2,13000
A0089,2025-Q3,82000
A0089,2025-Q4,82000
A0089,2026-Q1,82000
A0090,2025-Q1,260000
A0090,2025-Q2,260000
A0090,2025-Q3,260000
A0090,2025-Q4,260000
A0090,2026-Q1,260000
A0091,2025-Q1,220000
A0091,2025-Q2,266000
A0091,2025-Q3,266000
A0091,2025-Q4,244000
A0091,2026-Q1,244000
A0092,2025-Q1,220000
A0092,2025-Q2,220000
A0092,2025-Q3,220000
A0092,2025-Q4,220000
A0092,2026-Q1,220000
A0093,2025-Q1,25000
A0093,2025-Q2,25000
A0093,2025-Q3,25000
A0093,2025-Q4,104000
A0093,2026-Q1,104000
A0094,2025-Q1,122000
A0094,2025-Q2,122000
A0094,2025-Q3,145000
A0094,2025-Q4,145000
A0094,2026-Q1,140000
A0095,2025-Q1,27000
A0095,2025-Q2,27000
A0095,2025-Q3,39000
A0095,2025-Q4,39000
A0095,2026-Q1,39000
A0096,2025-Q1,228000
A0096,2025-Q2,228000
A0096,2025-Q3,641000
A0096,2025-Q4,641000
A0096,2026-Q1,641000
A0097,2025-Q1,44000
A0097,2025-Q2,44000
A0097,2025-Q3,44000
A0097,2025-Q4,44000
A0097,2026-Q1,18000
A0098,2025-Q1,230000
A0098,2025-Q2,0
A0099,2025-Q1,140000
A0099,2025-Q2,141000
A0099,2025-Q3,141000
A0099,2025-Q4,141000
A0099,2026-Q1,141000
A0100,2025-Q1,72000
A0100,2025-Q2,74000
A0100,2025-Q3,74000
A0100,2025-Q4,74000
A0100,2026-Q1,74000
A0101,2025-Q1,158000
A0101,2025-Q2,158000
A0101,2025-Q3,158000
A0101,2025-Q4,158000
A0101,2026-Q1,295000
A0102,2025-Q1,213000
A0102,2025-Q2,213000
A0102,2025-Q3,213000
A0102,2025-Q4,213000
A0102,2026-Q1,213000
A0103,2025-Q1,56000
A0103,2025-Q2,56000
A0103,2025-Q3,56000
A0103,2025-Q4,56000
A0103,2026-Q1,90000
A0104,2025-Q1,51000
A0104,2025-Q2,62000
A0104,2025-Q3,62000
A0104,2025-Q4,62000
A0104,2026-Q1,62000
A0105,2025-Q1,124000
A0105,2025-Q2,124000
A0105,2025-Q3,124000
A0105,2025-Q4,200000
A0105,2026-Q1,125000
A0106,2025-Q1,48000
A0106,2025-Q2,48000
A0106,2025-Q3,48000
A0106,2025-Q4,61000
A0106,2026-Q1,61000
A0107,2025-Q1,131000
A0107,2025-Q2,131000
A0107,2025-Q3,131000
A0107,2025-Q4,131000
A0107,2026-Q1,137000
A0108,2025-Q1,114000
A0108,2025-Q2,129000
A0108,2025-Q3,129000
A0108,2025-Q4,129000
A0108,2026-Q1,172000
A0109,2025-Q1,211000
A0109,2025-Q2,494000
A0109,2025-Q3,541000
A0109,2025-Q4,541000
A0109,2026-Q1,541000
A0110,2025-Q1,144000
A0110,2025-Q2,144000
A0110,2025-Q3,137000
A0110,2025-Q4,137000
A0110,2026-Q1,137000
A0111,2025-Q1,52000
A0111,2025-Q2,52000
A0111,2025-Q3,52000
A0111,2025-Q4,52000
A0111,2026-Q1,52000
A0112,2025-Q1,123000
A0112,2025-Q2,123000
A0112,2025-Q3,123000
A0112,2025-Q4,123000
A0112,2026-Q1,106000
A0113,2025-Q1,129000
A0113,2025-Q2,129000
A0113,2025-Q3,129000
A0113,2025-Q4,129000
A0113,2026-Q1,129000
A0114,2025-Q1,15000
A0114,2025-Q2,15000
A0114,2025-Q3,38000
A0114,2025-Q4,38000
A0114,2026-Q1,38000
A0115,2025-Q1,85000
A0115,2025-Q2,85000
A0115,2025-Q3,85000
A0115,2025-Q4,85000
A0115,2026-Q1,105000
A0116,2025-Q1,70000
A0116,2025-Q2,70000
A0116,2025-Q3,110000
A0116,2025-Q4,110000
A0116,2026-Q1,110000
A0117,2025-Q1,12000
A0117,2025-Q2,12000
A0117,2025-Q3,12000
A0117,2025-Q4,12000
A0117,2026-Q1,143000
A0118,2025-Q1,261000
A0118,2025-Q2,261000
A0118,2025-Q3,261000
A0118,2025-Q4,261000
A0118,2026-Q1,328000
A0119,2025-Q1,0
A0120,2025-Q1,78000
A0120,2025-Q2,78000
A0120,2025-Q3,221000
A0120,2025-Q4,221000
A0120,2026-Q1,221000
A0121,2025-Q1,222000
A0121,2025-Q2,222000
A0121,2025-Q3,250000
A0121,2025-Q4,250000
A0121,2026-Q1,250000
A0122,2025-Q1,114000
A0122,2025-Q2,150000
A0122,2025-Q3,150000
A0122,2025-Q4,150000
A0122,2026-Q1,150000
A0123,2025-Q1,44000
A0123,2025-Q2,44000
A0123,2025-Q3,44000
A0123,2025-Q4,44000
A0123,2026-Q1,46000
A0124,2025-Q1,81000
A0124,2025-Q2,123000
A0124,2025-Q3,123000
A0124,2025-Q4,123000
A0124,2026-Q1,123000
A0125,2025-Q1,173000
A0125,2025-Q2,173000
A0125,2025-Q3,173000
A0125,2025-Q4,670000
A0125,2026-Q1,670000
A0126,2025-Q1,63000
A0126,2025-Q2,107000
A0126,2025-Q3,107000
A0126,2025-Q4,107000
A0126,2026-Q1,126000
A0127,2025-Q1,14000
A0127,2025-Q2,199000
A0127,2025-Q3,199000
A0127,2025-Q4,14000
A0127,2026-Q1,14000
A0128,2025-Q1,259000
A0128,2025-Q2,259000
A0128,2025-Q3,259000
A0128,2025-Q4,272000
A0128,2026-Q1,272000
A0129,2025-Q1,81000
A0129,2025-Q2,81000
A0129,2025-Q3,81000
A0129,2025-Q4,81000
A0129,2026-Q1,173000
A0130,2025-Q1,91000
A0130,2025-Q2,91000
A0130,2025-Q3,91000
A0130,2025-Q4,91000
A0130,2026-Q1,91000
A0131,2025-Q1,225000
A0131,2025-Q2,225000
A0131,2025-Q3,225000
A0131,2025-Q4,225000
A0131,2026-Q1,225000
A0132,2025-Q1,31000
A0132,2025-Q2,31000
A0132,2025-Q3,31000
A0132,2025-Q4,31000
A0132,2026-Q1,45000
A0133,2025-Q1,21000
A0133,2025-Q2,21000
A0133,2025-Q3,21000
A0133,2025-Q4,21000
A0133,2026-Q1,21000
A0134,2025-Q1,134000
A0134,2025-Q2,134000
A0134,2025-Q3,134000
A0134,2025-Q4,228000
A0134,2026-Q1,287000
A0135,2025-Q1,101000
A0135,2025-Q2,101000
A0135,2025-Q3,101000
A0135,2025-Q4,112000
A0135,2026-Q1,151000
A0136,2025-Q1,112000
A0136,2025-Q2,112000
A0136,2025-Q3,112000
A0136,2025-Q4,112000
A0136,2026-Q1,112000
A0137,2025-Q1,235000
A0137,2025-Q2,235000
A0137,2025-Q3,144000
A0137,2025-Q4,144000
A0137,2026-Q1,144000
A0138,2025-Q1,43000
A0138,2025-Q2,101000
A0138,2025-Q3,101000
A0138,2025-Q4,101000
A0138,2026-Q1,101000
A0139,2025-Q1,120000
A0139,2025-Q2,189000
A0139,2025-Q3,189000
A0139,2025-Q4,189000
A0139,2026-Q1,189000
A0140,2025-Q1,326000
A0140,2025-Q2,326000
A0140,2025-Q3,341000
A0140,2025-Q4,341000
A0140,2026-Q1,341000
A0141,2025-Q1,34000
A0141,2025-Q2,34000
A0141,2025-Q3,34000
A0141,2025-Q4,88000
A0141,2026-Q1,88000
A0142,2025-Q1,57000
A0142,2025-Q2,57000
A0142,2025-Q3,57000
A0142,2025-Q4,110000
A0142,2026-Q1,110000
A0143,2025-Q1,138000
A0143,2025-Q2,138000
A0143,2025-Q3,138000
A0143,2025-Q4,199000
A0143,2026-Q1,199000
A0144,2025-Q1,83000
A0144,2025-Q2,83000
A0144,2025-Q3,83000
A0144,2025-Q4,83000
A0144,2026-Q1,96000
A0145,2025-Q1,76000
A0145,2025-Q2,76000
A0145,2025-Q3,76000
A0145,2025-Q4,138000
A0145,2026-Q1,138000
A0146,2025-Q1,41000
A0146,2025-Q2,41000
A0146,2025-Q3,41000
A0146,2025-Q4,61000
A0146,2026-Q1,0
A0147,2025-Q1,301000
A0147,2025-Q2,266000
A0147,2025-Q3,266000
A0147,2025-Q4,266000
A0147,2026-Q1,266000
A0148,2025-Q1,65000
A0148,2025-Q2,65000
A0148,2025-Q3,65000
A0148,2025-Q4,65000
A0148,2026-Q1,65000
A0149,2025-Q1,23000
A0149,2025-Q2,23000
A0149,2025-Q3,23000
A0149,2025-Q4,23000
A0149,2026-Q1,0
A0150,2025-Q1,108000
A0150,2025-Q2,108000
A0150,2025-Q3,251000
A0150,2025-Q4,251000
A0150,2026-Q1,251000
A0151,2025-Q1,184000
A0151,2025-Q2,184000
A0151,2025-Q3,184000
A0151,2025-Q4,184000
A0151,2026-Q1,321000
A0152,2025-Q1,362000
A0152,2025-Q2,362000
A0152,2025-Q3,362000
A0152,2025-Q4,362000
A0152,2026-Q1,298000
A0153,2025-Q1,148000
A0153,2025-Q2,148000
A0153,2025-Q3,148000
A0153,2025-Q4,193000
A0153,2026-Q1,193000
A0154,2025-Q1,266000
A0154,2025-Q2,266000
A0154,2025-Q3,351000
A0154,2025-Q4,351000
A0154,2026-Q1,379000
A0155,2025-Q1,212000
A0155,2025-Q2,212000
A0155,2025-Q3,263000
A0155,2025-Q4,263000
A0155,2026-Q1,263000
A0156,2025-Q1,165000
A0156,2025-Q2,291000
A0156,2025-Q3,291000
A0156,2025-Q4,318000
A0156,2026-Q1,318000
A0157,2025-Q1,89000
A0157,2025-Q2,188000
A0157,2025-Q3,188000
A0157,2025-Q4,188000
A0157,2026-Q1,188000
A0158,2025-Q1,60000
A0158,2025-Q2,60000
A0158,2025-Q3,60000
A0158,2025-Q4,60000
A0158,2026-Q1,76000
A0159,2025-Q1,91000
A0159,2025-Q2,189000
A0159,2025-Q3,189000
A0159,2025-Q4,189000
A0159,2026-Q1,189000
A0160,2025-Q1,190000
A0160,2025-Q2,300000
A0160,2025-Q3,314000
A0160,2025-Q4,314000
A0160,2026-Q1,314000
A0161,2025-Q1,278000
A0161,2025-Q2,278000
A0161,2025-Q3,278000
A0161,2025-Q4,402000
A0161,2026-Q1,402000
A0162,2025-Q1,36000
A0162,2025-Q2,0
A0163,2025-Q1,82000
A0163,2025-Q2,82000
A0163,2025-Q3,82000
A0163,2025-Q4,103000
A0163,2026-Q1,103000
A0164,2025-Q1,254000
A0164,2025-Q2,254000
A0164,2025-Q3,361000
A0164,2025-Q4,361000
A0164,2026-Q1,361000
A0165,2025-Q1,44000
A0165,2025-Q2,44000
A0165,2025-Q3,192000
A0165,2025-Q4,113000
A0165,2026-Q1,113000
A0166,2025-Q1,30000
A0166,2025-Q2,30000
A0166,2025-Q3,30000
A0166,2025-Q4,30000
A0166,2026-Q1,0
A0167,2025-Q1,174000
A0167,2025-Q2,239000
A0167,2025-Q3,239000
A0167,2025-Q4,239000
A0167,2026-Q1,239000
A0168,2025-Q1,91000
A0168,2025-Q2,91000
A0168,2025-Q3,102000
A0168,2025-Q4,102000
A0168,2026-Q1,102000
A0169,2025-Q1,334000
A0169,2025-Q2,515000
A0169,2025-Q3,515000
A0169,2025-Q4,515000
A0169,2026-Q1,515000
A0170,2025-Q1,17000
A0170,2025-Q2,17000
A0170,2025-Q3,49000
A0170,2025-Q4,49000
A0170,2026-Q1,49000
A0171,2025-Q1,14000
A0171,2025-Q2,15000
A0171,2025-Q3,15000
A0171,2025-Q4,15000
A0171,2026-Q1,15000
A0172,2025-Q1,101000
A0172,2025-Q2,101000
A0172,2025-Q3,101000
A0172,2025-Q4,101000
A0172,2026-Q1,101000
A0173,2025-Q1,187000
A0173,2025-Q2,187000
A0173,2025-Q3,516000
A0173,2025-Q4,516000
A0173,2026-Q1,516000
A0174,2025-Q1,84000
A0174,2025-Q2,84000
A0174,2025-Q3,84000
A0174,2025-Q4,158000
A0174,2026-Q1,324000
A0175,2025-Q1,500000
A0175,2025-Q2,500000
A0175,2025-Q3,743000
A0175,2025-Q4,743000
A0175,2026-Q1,743000
A0176,2025-Q1,60000
A0176,2025-Q2,60000
A0176,2025-Q3,60000
A0176,2025-Q4,60000
A0176,2026-Q1,79000
A0177,2025-Q1,484000
A0177,2025-Q2,287000
A0177,2025-Q3,593000
A0177,2025-Q4,593000
A0177,2026-Q1,633000
A0178,2025-Q1,14000
A0178,2025-Q2,32000
A0178,2025-Q3,32000
A0178,2025-Q4,32000
A0178,2026-Q1,32000
A0179,2025-Q1,208000
A0179,2025-Q2,208000
A0179,2025-Q3,208000
A0179,2025-Q4,208000
A0179,2026-Q1,208000
A0180,2025-Q1,231000
A0180,2025-Q2,231000
A0180,2025-Q3,247000
A0180,2025-Q4,284000
A0180,2026-Q1,284000
A0181,2025-Q1,169000
A0181,2025-Q2,200000
A0181,2025-Q3,200000
A0181,2025-Q4,216000
A0181,2026-Q1,216000
A0182,2025-Q1,11000
A0182,2025-Q2,11000
A0182,2025-Q3,11000
A0182,2025-Q4,18000
A0182,2026-Q1,18000
A0183,2025-Q1,53000
A0183,2025-Q2,53000
A0183,2025-Q3,62000
A0183,2025-Q4,62000
A0183,2026-Q1,62000
A0184,2025-Q1,258000
A0184,2025-Q2,258000
A0184,2025-Q3,258000
A0184,2025-Q4,258000
A0184,2026-Q1,258000
A0185,2025-Q1,162000
A0185,2025-Q2,162000
A0185,2025-Q3,162000
A0185,2025-Q4,298000
A0185,2026-Q1,298000
A0186,2025-Q1,23000
A0186,2025-Q2,23000
A0186,2025-Q3,23000
A0186,2025-Q4,23000
A0186,2026-Q1,23000
A0187,2025-Q1,161000
A0187,2025-Q2,231000
A0187,2025-Q3,203000
A0187,2025-Q4,203000
A0187,2026-Q1,203000
A0188,2025-Q1,203000
A0188,2025-Q2,203000
A0188,2025-Q3,493000
A0188,2025-Q4,493000
A0188,2026-Q1,493000
A0189,2025-Q1,132000
A0189,2025-Q2,132000
A0189,2025-Q3,132000
A0189,2025-Q4,132000
A0189,2026-Q1,198000
A0190,2025-Q1,36000
A0190,2025-Q2,36000
A0190,2025-Q3,36000
A0190,2025-Q4,36000
A0190,2026-Q1,0
A0191,2025-Q1,95000
A0191,2025-Q2,95000
A0191,2025-Q3,95000
A0191,2025-Q4,95000
A0191,2026-Q1,109000
A0192,2025-Q1,365000
A0192,2025-Q2,365000
A0192,2025-Q3,365000
A0192,2025-Q4,365000
A0192,2026-Q1,365000
A0193,2025-Q1,19000
A0193,2025-Q2,19000
A0193,2025-Q3,19000
A0193,2025-Q4,19000
A0193,2026-Q1,19000
A0194,2025-Q1,32000
A0194,2025-Q2,32000
A0194,2025-Q3,32000
A0194,2025-Q4,38000
A0194,2026-Q1,38000
A0195,2025-Q1,14000
A0195,2025-Q2,14000
A0195,2025-Q3,14000
A0195,2025-Q4,14000
A0195,2026-Q1,14000
A0196,2025-Q1,46000
A0196,2025-Q2,46000
A0196,2025-Q3,46000
A0196,2025-Q4,46000
A0196,2026-Q1,46000
A0197,2025-Q1,134000
A0197,2025-Q2,134000
A0197,2025-Q3,134000
A0197,2025-Q4,179000
A0197,2026-Q1,179000
A0198,2025-Q1,179000
A0198,2025-Q2,179000
A0198,2025-Q3,221000
A0198,2025-Q4,255000
A0198,2026-Q1,255000
A0199,2025-Q1,91000
A0199,2025-Q2,91000
A0199,2025-Q3,91000
A0199,2025-Q4,91000
A0199,2026-Q1,132000
A0200,2025-Q1,54000
A0200,2025-Q2,54000
A0200,2025-Q3,54000
A0200,2025-Q4,54000
A0200,2026-Q1,0
A0201,2025-Q1,13000
A0201,2025-Q2,89000
A0201,2025-Q3,89000
A0201,2025-Q4,89000
A0201,2026-Q1,89000
A0202,2025-Q1,112000
A0202,2025-Q2,133000
A0202,2025-Q3,133000
A0202,2025-Q4,133000
A0202,2026-Q1,133000
A0203,2025-Q1,90000
A0203,2025-Q2,90000
A0203,2025-Q3,90000
A0203,2025-Q4,90000
A0203,2026-Q1,70000
A0204,2025-Q1,66000
A0204,2025-Q2,66000
A0204,2025-Q3,66000
A0204,2025-Q4,66000
A0204,2026-Q1,114000
A0205,2025-Q1,191000
A0205,2025-Q2,191000
A0205,2025-Q3,191000
A0205,2025-Q4,191000
A0205,2026-Q1,307000
A0206,2025-Q1,469000
A0206,2025-Q2,525000
A0206,2025-Q3,525000
A0206,2025-Q4,525000
A0206,2026-Q1,525000
A0207,2025-Q1,50000
A0207,2025-Q2,50000
A0207,2025-Q3,50000
A0207,2025-Q4,245000
A0207,2026-Q1,245000
A0208,2025-Q1,101000
A0208,2025-Q2,101000
A0208,2025-Q3,0
A0209,2025-Q1,43000
A0209,2025-Q2,43000
A0209,2025-Q3,65000
A0209,2025-Q4,0
A0210,2025-Q1,54000
A0210,2025-Q2,242000
A0210,2025-Q3,160000
A0210,2025-Q4,160000
A0210,2026-Q1,160000
A0211,2025-Q1,210000
A0211,2025-Q2,210000
A0211,2025-Q3,210000
A0211,2025-Q4,210000
A0211,2026-Q1,210000
A0212,2025-Q1,182000
A0212,2025-Q2,185000
A0212,2025-Q3,185000
A0212,2025-Q4,185000
A0212,2026-Q1,185000
A0213,2025-Q1,44000
A0213,2025-Q2,44000
A0213,2025-Q3,44000
A0213,2025-Q4,44000
A0213,2026-Q1,0
A0214,2025-Q1,13000
A0214,2025-Q2,19000
A0214,2025-Q3,19000
A0214,2025-Q4,19000
A0214,2026-Q1,19000
A0215,2025-Q1,169000
A0215,2025-Q2,169000
A0215,2025-Q3,169000
A0215,2025-Q4,169000
A0215,2026-Q1,0
A0216,2025-Q1,266000
A0216,2025-Q2,266000
A0216,2025-Q3,266000
A0216,2025-Q4,583000
A0216,2026-Q1,583000
A0217,2025-Q1,28000
A0217,2025-Q2,28000
A0217,2025-Q3,28000
A0217,2025-Q4,33000
A0217,2026-Q1,33000
A0218,2025-Q1,486000
A0218,2025-Q2,486000
A0218,2025-Q3,486000
A0218,2025-Q4,486000
A0218,2026-Q1,486000
A0219,2025-Q1,14000
A0219,2025-Q2,15000
A0219,2025-Q3,15000
A0219,2025-Q4,15000
A0219,2026-Q1,98000
A0220,2025-Q1,73000
A0220,2025-Q2,170000
A0220,2025-Q3,170000
A0220,2025-Q4,170000
A0220,2026-Q1,170000
A0221,2025-Q1,235000
A0221,2025-Q2,235000
A0221,2025-Q3,235000
A0221,2025-Q4,637000
A0221,2026-Q1,637000
A0222,2025-Q1,31000
A0222,2025-Q2,31000
A0222,2025-Q3,48000
A0222,2025-Q4,48000
A0222,2026-Q1,48000
A0223,2025-Q1,26000
A0223,2025-Q2,26000
A0223,2025-Q3,26000
A0223,2025-Q4,64000
A0223,2026-Q1,64000
A0224,2025-Q1,97000
A0224,2025-Q2,105000
A0224,2025-Q3,105000
A0224,2025-Q4,105000
A0224,2026-Q1,105000
A0225,2025-Q1,42000
A0225,2025-Q2,42000
A0225,2025-Q3,42000
A0225,2025-Q4,42000
A0225,2026-Q1,42000
A0226,2025-Q1,169000
A0226,2025-Q2,169000
A0226,2025-Q3,204000
A0226,2025-Q4,195000
A0226,2026-Q1,195000
A0227,2025-Q1,190000
A0227,2025-Q2,190000
A0227,2025-Q3,245000
A0227,2025-Q4,245000
A0227,2026-Q1,245000
A0228,2025-Q1,0
A0229,2025-Q1,252000
A0229,2025-Q2,252000
A0229,2025-Q3,524000
A0229,2025-Q4,524000
A0229,2026-Q1,524000
A0230,2025-Q1,23000
A0230,2025-Q2,65000
A0230,2025-Q3,65000
A0230,2025-Q4,65000
A0230,2026-Q1,65000
A0231,2025-Q1,47000
A0231,2025-Q2,55000
A0231,2025-Q3,55000
A0231,2025-Q4,55000
A0231,2026-Q1,55000
A0232,2025-Q1,17000
A0232,2025-Q2,17000
A0232,2025-Q3,17000
A0232,2025-Q4,17000
A0232,2026-Q1,24000
A0233,2025-Q1,240000
A0233,2025-Q2,240000
A0233,2025-Q3,240000
A0233,2025-Q4,240000
A0233,2026-Q1,344000
A0234,2025-Q1,171000
A0234,2025-Q2,171000
A0234,2025-Q3,171000
A0234,2025-Q4,0
A0235,2025-Q1,0
A0236,2025-Q1,114000
A0236,2025-Q2,114000
A0236,2025-Q3,341000
A0236,2025-Q4,299000
A0236,2026-Q1,299000
A0237,2025-Q1,56000
A0237,2025-Q2,56000
A0237,2025-Q3,125000
A0237,2025-Q4,125000
A0237,2026-Q1,138000
A0238,2025-Q1,252000
A0238,2025-Q2,252000
A0238,2025-Q3,252000
A0238,2025-Q4,0
A0239,2025-Q1,40000
A0239,2025-Q2,40000
A0239,2025-Q3,40000
A0239,2025-Q4,0
A0240,2025-Q1,29000
A0240,2025-Q2,29000
A0240,2025-Q3,29000
A0240,2025-Q4,29000
A0240,2026-Q1,29000
A0241,2025-Q1,31000
A0241,2025-Q2,199000
A0241,2025-Q3,199000
A0241,2025-Q4,287000
A0241,2026-Q1,71000
A0242,2025-Q1,96000
A0242,2025-Q2,96000
A0242,2025-Q3,96000
A0242,2025-Q4,96000
A0242,2026-Q1,0
A0243,2025-Q1,16000
A0243,2025-Q2,16000
A0243,2025-Q3,16000
A0243,2025-Q4,16000
A0243,2026-Q1,0
A0244,2025-Q1,140000
A0244,2025-Q2,140000
A0244,2025-Q3,140000
A0244,2025-Q4,140000
A0244,2026-Q1,140000
A0245,2025-Q1,83000
A0245,2025-Q2,85000
A0245,2025-Q3,85000
A0245,2025-Q4,85000
A0245,2026-Q1,85000
A0246,2025-Q1,159000
A0246,2025-Q2,159000
A0246,2025-Q3,159000
A0246,2025-Q4,159000
A0246,2026-Q1,223000
A0247,2025-Q1,220000
A0247,2025-Q2,257000
A0247,2025-Q3,257000
A0247,2025-Q4,257000
A0247,2026-Q1,429000
A0248,2025-Q1,28000
A0248,2025-Q2,28000
A0248,2025-Q3,28000
A0248,2025-Q4,28000
A0248,2026-Q1,28000
A0249,2025-Q1,98000
A0249,2025-Q2,98000
A0249,2025-Q3,265000
A0249,2025-Q4,265000
A0249,2026-Q1,265000
A0250,2025-Q1,246000
A0250,2025-Q2,246000
A0250,2025-Q3,344000
A0250,2025-Q4,344000
A0250,2026-Q1,344000
A0251,2025-Q1,35000
A0251,2025-Q2,35000
A0251,2025-Q3,35000
A0251,2025-Q4,35000
A0251,2026-Q1,35000
A0252,2025-Q1,47000
A0252,2025-Q2,47000
A0252,2025-Q3,47000
A0252,2025-Q4,47000
A0252,2026-Q1,226000
A0253,2025-Q1,205000
A0253,2025-Q2,205000
A0253,2025-Q3,205000
A0253,2025-Q4,508000
A0253,2026-Q1,508000
A0254,2025-Q1,95000
A0254,2025-Q2,95000
A0254,2025-Q3,105000
A0254,2025-Q4,105000
A0254,2026-Q1,105000
A0255,2025-Q1,12000
A0255,2025-Q2,12000
A0255,2025-Q3,12000
A0255,2025-Q4,12000
A0255,2026-Q1,15000
A0256,2025-Q1,142000
A0256,2025-Q2,142000
A0256,2025-Q3,143000
A0256,2025-Q4,143000
A0256,2026-Q1,143000
A0257,2025-Q1,82000
A0257,2025-Q2,82000
A0257,2025-Q3,82000
A0257,2025-Q4,82000
A0257,2026-Q1,91000
A0258,2025-Q1,12000
A0258,2025-Q2,12000
A0258,2025-Q3,12000
A0258,2025-Q4,17000
A0258,2026-Q1,17000
A0259,2025-Q1,120000
A0259,2025-Q2,186000
A0259,2025-Q3,186000
A0259,2025-Q4,81000
A0259,2026-Q1,81000
A0260,2025-Q1,151000
A0260,2025-Q2,151000
A0260,2025-Q3,200000
A0260,2025-Q4,200000
A0260,2026-Q1,200000
A0261,2025-Q1,249000
A0261,2025-Q2,249000
A0261,2025-Q3,249000
A0261,2025-Q4,249000
A0261,2026-Q1,250000
A0262,2025-Q1,13000
A0262,2025-Q2,31000
A0262,2025-Q3,101000
A0262,2025-Q4,13000
A0262,2026-Q1,202000
A0263,2025-Q1,203000
A0263,2025-Q2,216000
A0263,2025-Q3,216000
A0263,2025-Q4,216000
A0263,2026-Q1,204000
A0264,2025-Q1,161000
A0264,2025-Q2,161000
A0264,2025-Q3,389000
A0264,2025-Q4,389000
A0264,2026-Q1,389000
A0265,2025-Q1,36000
A0265,2025-Q2,36000
A0265,2025-Q3,36000
A0265,2025-Q4,59000
A0265,2026-Q1,59000
A0266,2025-Q1,335000
A0266,2025-Q2,335000
A0266,2025-Q3,335000
A0266,2025-Q4,335000
A0266,2026-Q1,95000
A0267,2025-Q1,12000
A0267,2025-Q2,12000
A0267,2025-Q3,12000
A0267,2025-Q4,30000
A0267,2026-Q1,30000
A0268,2025-Q1,63000
A0268,2025-Q2,63000
A0268,2025-Q3,63000
A0268,2025-Q4,63000
A0268,2026-Q1,63000
A0269,2025-Q1,20000
A0269,2025-Q2,20000
A0269,2025-Q3,20000
A0269,2025-Q4,27000
A0269,2026-Q1,27000
A0270,2025-Q1,79000
A0270,2025-Q2,79000
A0270,2025-Q3,79000
A0270,2025-Q4,111000
A0270,2026-Q1,111000
A0271,2025-Q1,21000
A0271,2025-Q2,35000
A0271,2025-Q3,35000
A0271,2025-Q4,35000
A0271,2026-Q1,35000
A0272,2025-Q1,73000
A0272,2025-Q2,73000
A0272,2025-Q3,210000
A0272,2025-Q4,210000
A0272,2026-Q1,210000
A0273,2025-Q1,71000
A0273,2025-Q2,195000
A0273,2025-Q3,102000
A0273,2025-Q4,102000
A0273,2026-Q1,102000
A0274,2025-Q1,377000
A0274,2025-Q2,377000
A0274,2025-Q3,377000
A0274,2025-Q4,377000
A0274,2026-Q1,135000
A0275,2025-Q1,12000
A0275,2025-Q2,12000
A0275,2025-Q3,12000
A0275,2025-Q4,12000
A0275,2026-Q1,299000
A0276,2025-Q1,42000
A0276,2025-Q2,42000
A0276,2025-Q3,42000
A0276,2025-Q4,51000
A0276,2026-Q1,51000
A0277,2025-Q1,195000
A0277,2025-Q2,216000
A0277,2025-Q3,216000
A0277,2025-Q4,216000
A0277,2026-Q1,216000
A0278,2025-Q1,128000
A0278,2025-Q2,128000
A0278,2025-Q3,128000
A0278,2025-Q4,128000
A0278,2026-Q1,128000
A0279,2025-Q1,173000
A0279,2025-Q2,173000
A0279,2025-Q3,173000
A0279,2025-Q4,173000
A0279,2026-Q1,179000
A0280,2025-Q1,161000
A0280,2025-Q2,161000
A0280,2025-Q3,161000
A0280,2025-Q4,161000
A0280,2026-Q1,161000
A0281,2025-Q1,152000
A0281,2025-Q2,152000
A0281,2025-Q3,152000
A0281,2025-Q4,152000
A0281,2026-Q1,182000
A0282,2025-Q1,197000
A0282,2025-Q2,197000
A0282,2025-Q3,197000
A0282,2025-Q4,197000
A0282,2026-Q1,166000
A0283,2025-Q1,93000
A0283,2025-Q2,93000
A0283,2025-Q3,94000
A0283,2025-Q4,94000
A0283,2026-Q1,94000
A0284,2025-Q1,66000
A0284,2025-Q2,66000
A0284,2025-Q3,66000
A0284,2025-Q4,66000
A0284,2026-Q1,66000
A0285,2025-Q1,11000
A0285,2025-Q2,18000
A0285,2025-Q3,18000
A0285,2025-Q4,18000
A0285,2026-Q1,18000
A0286,2025-Q1,257000
A0286,2025-Q2,257000
A0286,2025-Q3,257000
A0286,2025-Q4,263000
A0286,2026-Q1,263000
A0287,2025-Q1,169000
A0287,2025-Q2,169000
A0287,2025-Q3,241000
A0287,2025-Q4,241000
A0287,2026-Q1,241000
A0288,2025-Q1,146000
A0288,2025-Q2,146000
A0288,2025-Q3,146000
A0288,2025-Q4,146000
A0288,2026-Q1,187000
A0289,2025-Q1,48000
A0289,2025-Q2,48000
A0289,2025-Q3,48000
A0289,2025-Q4,48000
A0289,2026-Q1,0
A0290,2025-Q1,200000
A0290,2025-Q2,201000
A0290,2025-Q3,201000
A0290,2025-Q4,201000
A0290,2026-Q1,201000
A0291,2025-Q1,109000
A0291,2025-Q2,109000
A0291,2025-Q3,109000
A0291,2025-Q4,109000
A0291,2026-Q1,141000
A0292,2025-Q1,35000
A0292,2025-Q2,35000
A0292,2025-Q3,35000
A0292,2025-Q4,35000
A0292,2026-Q1,42000
A0293,2025-Q1,86000
A0293,2025-Q2,245000
A0293,2025-Q3,245000
A0293,2025-Q4,245000
A0293,2026-Q1,245000
A0294,2025-Q1,575000
A0294,2025-Q2,575000
A0294,2025-Q3,575000
A0294,2025-Q4,575000
A0294,2026-Q1,575000
A0295,2025-Q1,97000
A0295,2025-Q2,97000
A0295,2025-Q3,116000
A0295,2025-Q4,197000
A0295,2026-Q1,197000
A0296,2025-Q1,0
A0297,2025-Q1,38000
A0297,2025-Q2,38000
A0297,2025-Q3,38000
A0297,2025-Q4,38000
A0297,2026-Q1,38000
A0298,2025-Q1,38000
A0298,2025-Q2,69000
A0298,2025-Q3,69000
A0298,2025-Q4,69000
A0298,2026-Q1,69000
A0299,2025-Q1,93000
A0299,2025-Q2,93000
A0299,2025-Q3,93000
A0299,2025-Q4,189000
A0299,2026-Q1,189000
A0300,2025-Q1,45000
A0300,2025-Q2,45000
A0300,2025-Q3,45000
A0300,2025-Q4,45000
A0300,2026-Q1,100000
A0301,2025-Q1,146000
A0301,2025-Q2,146000
A0301,2025-Q3,159000
A0301,2025-Q4,159000
A0301,2026-Q1,186000
A0302,2025-Q1,30000
A0302,2025-Q2,30000
A0302,2025-Q3,32000
A0302,2025-Q4,32000
A0302,2026-Q1,32000
A0303,2025-Q1,204000
A0303,2025-Q2,257000
A0303,2025-Q3,257000
A0303,2025-Q4,257000
A0303,2026-Q1,257000
A0304,2025-Q1,137000
A0304,2025-Q2,137000
A0304,2025-Q3,354000
A0304,2025-Q4,354000
A0304,2026-Q1,354000
A0305,2025-Q1,33000
A0305,2025-Q2,33000
A0305,2025-Q3,33000
A0305,2025-Q4,34000
A0305,2026-Q1,34000
A0306,2025-Q1,263000
A0306,2025-Q2,263000
A0306,2025-Q3,263000
A0306,2025-Q4,282000
A0306,2026-Q1,428000
A0307,2025-Q1,205000
A0307,2025-Q2,205000
A0307,2025-Q3,205000
A0307,2025-Q4,205000
A0307,2026-Q1,266000
A0308,2025-Q1,202000
A0308,2025-Q2,202000
A0308,2025-Q3,329000
A0308,2025-Q4,329000
A0308,2026-Q1,329000
A0309,2025-Q1,122000
A0309,2025-Q2,122000
A0309,2025-Q3,122000
A0309,2025-Q4,227000
A0309,2026-Q1,227000
A0310,2025-Q1,242000
A0310,2025-Q2,242000
A0310,2025-Q3,242000
A0310,2025-Q4,242000
A0310,2026-Q1,295000
A0311,2025-Q1,12000
A0311,2025-Q2,12000
A0311,2025-Q3,29000
A0311,2025-Q4,55000
A0311,2026-Q1,55000
A0312,2025-Q1,129000
A0312,2025-Q2,129000
A0312,2025-Q3,142000
A0312,2025-Q4,327000
A0312,2026-Q1,327000
A0313,2025-Q1,172000
A0313,2025-Q2,172000
A0313,2025-Q3,172000
A0313,2025-Q4,365000
A0313,2026-Q1,365000
A0314,2025-Q1,138000
A0314,2025-Q2,138000
A0314,2025-Q3,138000
A0314,2025-Q4,138000
A0314,2026-Q1,0
A0315,2025-Q1,108000
A0315,2025-Q2,108000
A0315,2025-Q3,108000
A0315,2025-Q4,108000
A0315,2026-Q1,93000
A0316,2025-Q1,221000
A0316,2025-Q2,221000
A0316,2025-Q3,221000
A0316,2025-Q4,221000
A0316,2026-Q1,628000
A0317,2025-Q1,40000
A0317,2025-Q2,40000
A0317,2025-Q3,40000
A0317,2025-Q4,78000
A0317,2026-Q1,78000
A0318,2025-Q1,167000
A0318,2025-Q2,167000
A0318,2025-Q3,209000
A0318,2025-Q4,209000
A0318,2026-Q1,209000
A0319,2025-Q1,101000
A0319,2025-Q2,101000
A0319,2025-Q3,101000
A0319,2025-Q4,101000
A0319,2026-Q1,0
A0320,2025-Q1,218000
A0320,2025-Q2,218000
A0320,2025-Q3,218000
A0320,2025-Q4,218000
A0320,2026-Q1,218000
A0321,2025-Q1,87000
A0321,2025-Q2,87000
A0321,2025-Q3,87000
A0321,2025-Q4,199000
A0321,2026-Q1,199000
A0322,2025-Q1,267000
A0322,2025-Q2,267000
A0322,2025-Q3,364000
A0322,2025-Q4,364000
A0322,2026-Q1,364000
A0323,2025-Q1,253000
A0323,2025-Q2,269000
A0323,2025-Q3,269000
A0323,2025-Q4,269000
A0323,2026-Q1,269000
A0324,2025-Q1,223000
A0324,2025-Q2,223000
A0324,2025-Q3,0
A0325,2025-Q1,126000
A0325,2025-Q2,126000
A0325,2025-Q3,126000
A0325,2025-Q4,126000
A0325,2026-Q1,229000
A0326,2025-Q1,257000
A0326,2025-Q2,257000
A0326,2025-Q3,257000
A0326,2025-Q4,294000
A0326,2026-Q1,294000
A0327,2025-Q1,210000
A0327,2025-Q2,210000
A0327,2025-Q3,210000
A0327,2025-Q4,210000
A0327,2026-Q1,210000
A0328,2025-Q1,12000
A0328,2025-Q2,12000
A0328,2025-Q3,32000
A0328,2025-Q4,32000
A0328,2026-Q1,32000
A0329,2025-Q1,128000
A0329,2025-Q2,128000
A0329,2025-Q3,112000
A0329,2025-Q4,112000
A0329,2026-Q1,112000
A0330,2025-Q1,154000
A0330,2025-Q2,154000
A0330,2025-Q3,338000
A0330,2025-Q4,338000
A0330,2026-Q1,338000
A0331,2025-Q1,161000
A0331,2025-Q2,161000
A0331,2025-Q3,203000
A0331,2025-Q4,203000
A0331,2026-Q1,203000
A0332,2025-Q1,165000
A0332,2025-Q2,165000
A0332,2025-Q3,186000
A0332,2025-Q4,186000
A0332,2026-Q1,186000
A0333,2025-Q1,153000
A0333,2025-Q2,153000
A0333,2025-Q3,153000
A0333,2025-Q4,319000
A0333,2026-Q1,319000
A0334,2025-Q1,28000
A0334,2025-Q2,64000
A0334,2025-Q3,64000
A0334,2025-Q4,64000
A0334,2026-Q1,64000
A0335,2025-Q1,231000
A0335,2025-Q2,231000
A0335,2025-Q3,231000
A0335,2025-Q4,231000
A0335,2026-Q1,316000
A0336,2025-Q1,35000
A0336,2025-Q2,82000
A0336,2025-Q3,50000
A0336,2025-Q4,50000
A0336,2026-Q1,50000
A0337,2025-Q1,22000
A0337,2025-Q2,22000
A0337,2025-Q3,22000
A0337,2025-Q4,22000
A0337,2026-Q1,22000
A0338,2025-Q1,18000
A0338,2025-Q2,18000
A0338,2025-Q3,18000
A0338,2025-Q4,31000
A0338,2026-Q1,25000
A0339,2025-Q1,64000
A0339,2025-Q2,64000
A0339,2025-Q3,91000
A0339,2025-Q4,91000
A0339,2026-Q1,91000
A0340,2025-Q1,239000
A0340,2025-Q2,239000
A0340,2025-Q3,350000
A0340,2025-Q4,350000
A0340,2026-Q1,350000
A0341,2025-Q1,89000
A0341,2025-Q2,89000
A0341,2025-Q3,89000
A0341,2025-Q4,89000
A0341,2026-Q1,186000
A0342,2025-Q1,134000
A0342,2025-Q2,134000
A0342,2025-Q3,134000
A0342,2025-Q4,134000
A0342,2026-Q1,147000
A0343,2025-Q1,0
A0344,2025-Q1,111000
A0344,2025-Q2,311000
A0344,2025-Q3,311000
A0344,2025-Q4,311000
A0344,2026-Q1,311000
A0345,2025-Q1,159000
A0345,2025-Q2,159000
A0345,2025-Q3,159000
A0345,2025-Q4,159000
A0345,2026-Q1,159000
A0346,2025-Q1,48000
A0346,2025-Q2,48000
A0346,2025-Q3,49000
A0346,2025-Q4,49000
A0346,2026-Q1,49000
A0347,2025-Q1,182000
A0347,2025-Q2,182000
A0347,2025-Q3,198000
A0347,2025-Q4,198000
A0347,2026-Q1,198000
A0348,2025-Q1,32000
A0348,2025-Q2,38000
A0348,2025-Q3,38000
A0348,2025-Q4,38000
A0348,2026-Q1,38000
A0349,2025-Q1,274000
A0349,2025-Q2,274000
A0349,2025-Q3,274000
A0349,2025-Q4,274000
A0349,2026-Q1,274000
A0350,2025-Q1,198000
A0350,2025-Q2,241000
A0350,2025-Q3,241000
A0350,2025-Q4,257000
A0350,2026-Q1,257000
A0351,2025-Q1,67000
A0351,2025-Q2,67000
A0351,2025-Q3,82000
A0351,2025-Q4,82000
A0351,2026-Q1,0
A0352,2025-Q1,406000
A0352,2025-Q2,406000
A0352,2025-Q3,406000
A0352,2025-Q4,406000
A0352,2026-Q1,406000
A0353,2025-Q1,46000
A0353,2025-Q2,46000
A0353,2025-Q3,46000
A0353,2025-Q4,46000
A0353,2026-Q1,76000
A0354,2025-Q1,135000
A0354,2025-Q2,135000
A0354,2025-Q3,135000
A0354,2025-Q4,135000
A0354,2026-Q1,0
A0355,2025-Q1,235000
A0355,2025-Q2,263000
A0355,2025-Q3,263000
A0355,2025-Q4,263000
A0355,2026-Q1,263000
A0356,2025-Q1,155000
A0356,2025-Q2,155000
A0356,2025-Q3,155000
A0356,2025-Q4,164000
A0356,2026-Q1,164000
A0357,2025-Q1,18000
A0357,2025-Q2,18000
A0357,2025-Q3,18000
A0357,2025-Q4,18000
A0357,2026-Q1,18000
A0358,2025-Q1,116000
A0358,2025-Q2,116000
A0358,2025-Q3,116000
A0358,2025-Q4,116000
A0358,2026-Q1,207000
A0359,2025-Q1,228000
A0359,2025-Q2,228000
A0359,2025-Q3,228000
A0359,2025-Q4,370000
A0359,2026-Q1,405000
A0360,2025-Q1,18000
A0360,2025-Q2,41000
A0360,2025-Q3,41000
A0360,2025-Q4,41000
A0360,2026-Q1,41000
A0361,2025-Q1,16000
A0361,2025-Q2,16000
A0361,2025-Q3,38000
A0361,2025-Q4,38000
A0361,2026-Q1,38000
A0362,2025-Q1,192000
A0362,2025-Q2,192000
A0362,2025-Q3,277000
A0362,2025-Q4,277000
A0362,2026-Q1,277000
A0363,2025-Q1,52000
A0363,2025-Q2,139000
A0363,2025-Q3,139000
A0363,2025-Q4,139000
A0363,2026-Q1,139000
A0364,2025-Q1,75000
A0364,2025-Q2,75000
A0364,2025-Q3,89000
A0364,2025-Q4,94000
A0364,2026-Q1,94000
A0365,2025-Q1,14000
A0365,2025-Q2,14000
A0365,2025-Q3,14000
A0365,2025-Q4,39000
A0365,2026-Q1,39000
A0366,2025-Q1,114000
A0366,2025-Q2,114000
A0366,2025-Q3,114000
A0366,2025-Q4,288000
A0366,2026-Q1,288000
A0367,2025-Q1,121000
A0367,2025-Q2,121000
A0367,2025-Q3,121000
A0367,2025-Q4,256000
A0367,2026-Q1,256000
A0368,2025-Q1,62000
A0368,2025-Q2,62000
A0368,2025-Q3,62000
A0368,2025-Q4,90000
A0368,2026-Q1,66000
A0369,2025-Q1,131000
A0369,2025-Q2,131000
A0369,2025-Q3,131000
A0369,2025-Q4,355000
A0369,2026-Q1,355000
A0370,2025-Q1,13000
A0370,2025-Q2,30000
A0370,2025-Q3,78000
A0370,2025-Q4,78000
A0370,2026-Q1,78000
A0371,2025-Q1,46000
A0371,2025-Q2,46000
A0371,2025-Q3,338000
A0371,2025-Q4,338000
A0371,2026-Q1,103000
A0372,2025-Q1,69000
A0372,2025-Q2,69000
A0372,2025-Q3,69000
A0372,2025-Q4,69000
A0372,2026-Q1,134000
A0373,2025-Q1,17000
A0373,2025-Q2,18000
A0373,2025-Q3,18000
A0373,2025-Q4,18000
A0373,2026-Q1,18000
A0374,2025-Q1,22000
A0374,2025-Q2,41000
A0374,2025-Q3,41000
A0374,2025-Q4,61000
A0374,2026-Q1,61000
A0375,2025-Q1,262000
A0375,2025-Q2,262000
A0375,2025-Q3,262000
A0375,2025-Q4,700000
A0375,2026-Q1,700000
A0376,2025-Q1,105000
A0376,2025-Q2,0
A0377,2025-Q1,74000
A0377,2025-Q2,74000
A0377,2025-Q3,74000
A0377,2025-Q4,74000
A0377,2026-Q1,74000
A0378,2025-Q1,102000
A0378,2025-Q2,102000
A0378,2025-Q3,102000
A0378,2025-Q4,181000
A0378,2026-Q1,102000
A0379,2025-Q1,66000
A0379,2025-Q2,66000
A0379,2025-Q3,143000
A0379,2025-Q4,163000
A0379,2026-Q1,163000
A0380,2025-Q1,265000
A0380,2025-Q2,265000
A0380,2025-Q3,395000
A0380,2025-Q4,395000
A0380,2026-Q1,395000
A0381,2025-Q1,41000
A0381,2025-Q2,41000
A0381,2025-Q3,130000
A0381,2025-Q4,130000
A0381,2026-Q1,109000
A0382,2025-Q1,14000
A0382,2025-Q2,14000
A0382,2025-Q3,19000
A0382,2025-Q4,19000
A0382,2026-Q1,19000
A0383,2025-Q1,154000
A0383,2025-Q2,0
A0384,2025-Q1,158000
A0384,2025-Q2,158000
A0384,2025-Q3,158000
A0384,2025-Q4,454000
A0384,2026-Q1,454000
A0385,2025-Q1,32000
A0385,2025-Q2,32000
A0385,2025-Q3,32000
A0385,2025-Q4,32000
A0385,2026-Q1,97000
A0386,2025-Q1,308000
A0386,2025-Q2,555000
A0386,2025-Q3,555000
A0386,2025-Q4,555000
A0386,2026-Q1,555000
A0387,2025-Q1,169000
A0387,2025-Q2,169000
A0387,2025-Q3,169000
A0387,2025-Q4,169000
A0387,2026-Q1,243000
A0388,2025-Q1,193000
A0388,2025-Q2,193000
A0388,2025-Q3,252000
A0388,2025-Q4,252000
A0388,2026-Q1,252000
A0389,2025-Q1,15000
A0389,2025-Q2,18000
A0389,2025-Q3,18000
A0389,2025-Q4,18000
A0389,2026-Q1,18000
A0390,2025-Q1,150000
A0390,2025-Q2,150000
A0390,2025-Q3,150000
A0390,2025-Q4,0
A0391,2025-Q1,360000
A0391,2025-Q2,360000
A0391,2025-Q3,360000
A0391,2025-Q4,360000
A0391,2026-Q1,360000
A0392,2025-Q1,197000
A0392,2025-Q2,424000
A0392,2025-Q3,424000
A0392,2025-Q4,424000
A0392,2026-Q1,424000
A0393,2025-Q1,159000
A0393,2025-Q2,159000
A0393,2025-Q3,159000
A0393,2025-Q4,266000
A0393,2026-Q1,266000
A0394,2025-Q1,48000
A0394,2025-Q2,48000
A0394,2025-Q3,48000
A0394,2025-Q4,0
A0395,2025-Q1,101000
A0395,2025-Q2,101000
A0395,2025-Q3,101000
A0395,2025-Q4,101000
A0395,2026-Q1,117000
A0396,2025-Q1,221000
A0396,2025-Q2,221000
A0396,2025-Q3,418000
A0396,2025-Q4,418000
A0396,2026-Q1,418000
A0397,2025-Q1,15000
A0397,2025-Q2,15000
A0397,2025-Q3,15000
A0397,2025-Q4,0
A0398,2025-Q1,204000
A0398,2025-Q2,430000
A0398,2025-Q3,430000
A0398,2025-Q4,430000
A0398,2026-Q1,430000
A0399,2025-Q1,231000
A0399,2025-Q2,231000
A0399,2025-Q3,231000
A0399,2025-Q4,231000
A0399,2026-Q1,231000
A0400,2025-Q1,11000
A0400,2025-Q2,11000
A0400,2025-Q3,11000
A0400,2025-Q4,11000
A0400,2026-Q1,16000
A0401,2025-Q1,13000
A0401,2025-Q2,16000
A0401,2025-Q3,16000
A0401,2025-Q4,104000
A0401,2026-Q1,104000
A0402,2025-Q1,176000
A0402,2025-Q2,176000
A0402,2025-Q3,176000
A0402,2025-Q4,176000
A0402,2026-Q1,470000
A0403,2025-Q1,159000
A0403,2025-Q2,159000
A0403,2025-Q3,159000
A0403,2025-Q4,360000
A0403,2026-Q1,360000
A0404,2025-Q1,187000
A0404,2025-Q2,369000
A0404,2025-Q3,369000
A0404,2025-Q4,369000
A0404,2026-Q1,369000
A0405,2025-Q1,14000
A0405,2025-Q2,14000
A0405,2025-Q3,14000
A0405,2025-Q4,14000
A0405,2026-Q1,14000
A0406,2025-Q1,45000
A0406,2025-Q2,45000
A0406,2025-Q3,45000
A0406,2025-Q4,45000
A0406,2026-Q1,0
A0407,2025-Q1,216000
A0407,2025-Q2,216000
A0407,2025-Q3,216000
A0407,2025-Q4,216000
A0407,2026-Q1,253000
A0408,2025-Q1,39000
A0408,2025-Q2,39000
A0408,2025-Q3,39000
A0408,2025-Q4,39000
A0408,2026-Q1,0
A0409,2025-Q1,151000
A0409,2025-Q2,152000
A0409,2025-Q3,152000
A0409,2025-Q4,152000
A0409,2026-Q1,152000
A0410,2025-Q1,219000
A0410,2025-Q2,508000
A0410,2025-Q3,594000
A0410,2025-Q4,790000
A0410,2026-Q1,790000
A0411,2025-Q1,15000
A0411,2025-Q2,15000
A0411,2025-Q3,15000
A0411,2025-Q4,15000
A0411,2026-Q1,21000
A0412,2025-Q1,192000
A0412,2025-Q2,424000
A0412,2025-Q3,424000
A0412,2025-Q4,424000
A0412,2026-Q1,424000
A0413,2025-Q1,29000
A0413,2025-Q2,29000
A0413,2025-Q3,83000
A0413,2025-Q4,83000
A0413,2026-Q1,132000
A0414,2025-Q1,180000
A0414,2025-Q2,180000
A0414,2025-Q3,180000
A0414,2025-Q4,204000
A0414,2026-Q1,204000
A0415,2025-Q1,162000
A0415,2025-Q2,162000
A0415,2025-Q3,162000
A0415,2025-Q4,162000
A0415,2026-Q1,162000
A0416,2025-Q1,28000
A0416,2025-Q2,28000
A0416,2025-Q3,46000
A0416,2025-Q4,46000
A0416,2026-Q1,46000
A0417,2025-Q1,28000
A0417,2025-Q2,28000
A0417,2025-Q3,28000
A0417,2025-Q4,42000
A0417,2026-Q1,42000
A0418,2025-Q1,11000
A0418,2025-Q2,11000
A0418,2025-Q3,12000
A0418,2025-Q4,12000
A0418,2026-Q1,12000
A0419,2025-Q1,50000
A0419,2025-Q2,50000
A0419,2025-Q3,50000
A0419,2025-Q4,50000
A0419,2026-Q1,107000
A0420,2025-Q1,84000
A0420,2025-Q2,84000
A0420,2025-Q3,84000
A0420,2025-Q4,104000
A0420,2026-Q1,104000
A0421,2025-Q1,651000
A0421,2025-Q2,651000
A0421,2025-Q3,651000
A0421,2025-Q4,651000
A0421,2026-Q1,651000
A0422,2025-Q1,21000
A0422,2025-Q2,21000
A0422,2025-Q3,34000
A0422,2025-Q4,34000
A0422,2026-Q1,34000
A0423,2025-Q1,36000
A0423,2025-Q2,36000
A0423,2025-Q3,52000
A0423,2025-Q4,52000
A0423,2026-Q1,52000
A0424,2025-Q1,37000
A0424,2025-Q2,37000
A0424,2025-Q3,37000
A0424,2025-Q4,37000
A0424,2026-Q1,37000
A0425,2025-Q1,16000
A0425,2025-Q2,16000
A0425,2025-Q3,21000
A0425,2025-Q4,21000
A0425,2026-Q1,21000
A0426,2025-Q1,206000
A0426,2025-Q2,206000
A0426,2025-Q3,448000
A0426,2025-Q4,448000
A0426,2026-Q1,448000
A0427,2025-Q1,137000
A0427,2025-Q2,137000
A0427,2025-Q3,137000
A0427,2025-Q4,137000
A0427,2026-Q1,142000
A0428,2025-Q1,116000
A0428,2025-Q2,116000
A0428,2025-Q3,116000
A0428,2025-Q4,116000
A0428,2026-Q1,174000
A0429,2025-Q1,213000
A0429,2025-Q2,264000
A0429,2025-Q3,264000
A0429,2025-Q4,264000
A0429,2026-Q1,264000
A0430,2025-Q1,12000
A0430,2025-Q2,12000
A0430,2025-Q3,12000
A0430,2025-Q4,12000
A0430,2026-Q1,12000
A0431,2025-Q1,167000
A0431,2025-Q2,191000
A0431,2025-Q3,470000
A0431,2025-Q4,470000
A0431,2026-Q1,470000
A0432,2025-Q1,34000
A0432,2025-Q2,34000
A0432,2025-Q3,34000
A0432,2025-Q4,34000
A0432,2026-Q1,0
A0433,2025-Q1,32000
A0433,2025-Q2,32000
A0433,2025-Q3,32000
A0433,2025-Q4,55000
A0433,2026-Q1,55000
A0434,2025-Q1,265000
A0434,2025-Q2,280000
A0434,2025-Q3,280000
A0434,2025-Q4,319000
A0434,2026-Q1,319000
A0435,2025-Q1,18000
A0435,2025-Q2,18000
A0435,2025-Q3,39000
A0435,2025-Q4,39000
A0435,2026-Q1,39000
A0436,2025-Q1,165000
A0436,2025-Q2,455000
A0436,2025-Q3,455000
A0436,2025-Q4,455000
A0436,2026-Q1,455000
A0437,2025-Q1,167000
A0437,2025-Q2,167000
A0437,2025-Q3,167000
A0437,2025-Q4,261000
A0437,2026-Q1,261000
A0438,2025-Q1,109000
A0438,2025-Q2,109000
A0438,2025-Q3,109000
A0438,2025-Q4,112000
A0438,2026-Q1,112000
A0439,2025-Q1,46000
A0439,2025-Q2,73000
A0439,2025-Q3,73000
A0439,2025-Q4,73000
A0439,2026-Q1,73000
A0440,2025-Q1,262000
A0440,2025-Q2,262000
A0440,2025-Q3,719000
A0440,2025-Q4,719000
A0440,2026-Q1,719000
A0441,2025-Q1,276000
A0441,2025-Q2,276000
A0441,2025-Q3,276000
A0441,2025-Q4,276000
A0441,2026-Q1,276000
A0442,2025-Q1,150000
A0442,2025-Q2,150000
A0442,2025-Q3,150000
A0442,2025-Q4,150000
A0442,2026-Q1,150000
A0443,2025-Q1,148000
A0443,2025-Q2,192000
A0443,2025-Q3,192000
A0443,2025-Q4,192000
A0443,2026-Q1,192000
A0444,2025-Q1,213000
A0444,2025-Q2,213000
A0444,2025-Q3,310000
A0444,2025-Q4,310000
A0444,2026-Q1,271000
A0445,2025-Q1,150000
A0445,2025-Q2,150000
A0445,2025-Q3,150000
A0445,2025-Q4,171000
A0445,2026-Q1,171000
A0446,2025-Q1,211000
A0446,2025-Q2,211000
A0446,2025-Q3,617000
A0446,2025-Q4,617000
A0446,2026-Q1,617000
A0447,2025-Q1,14000
A0447,2025-Q2,14000
A0447,2025-Q3,14000
A0447,2025-Q4,29000
A0447,2026-Q1,15000
A0448,2025-Q1,174000
A0448,2025-Q2,174000
A0448,2025-Q3,174000
A0448,2025-Q4,174000
A0448,2026-Q1,205000
A0449,2025-Q1,11000
A0449,2025-Q2,11000
A0449,2025-Q3,26000
A0449,2025-Q4,26000
A0449,2026-Q1,26000
A0450,2025-Q1,116000
A0450,2025-Q2,116000
A0450,2025-Q3,116000
A0450,2025-Q4,117000
A0450,2026-Q1,117000
A0451,2025-Q1,42000
A0451,2025-Q2,120000
A0451,2025-Q3,120000
A0451,2025-Q4,120000
A0451,2026-Q1,120000
A0452,2025-Q1,483000
A0452,2025-Q2,483000
A0452,2025-Q3,483000
A0452,2025-Q4,483000
A0452,2026-Q1,483000
A0453,2025-Q1,124000
A0453,2025-Q2,124000
A0453,2025-Q3,124000
A0453,2025-Q4,124000
A0453,2026-Q1,303000
A0454,2025-Q1,265000
A0454,2025-Q2,265000
A0454,2025-Q3,265000
A0454,2025-Q4,265000
A0454,2026-Q1,265000
A0455,2025-Q1,15000
A0455,2025-Q2,19000
A0455,2025-Q3,19000
A0455,2025-Q4,19000
A0455,2026-Q1,19000
A0456,2025-Q1,209000
A0456,2025-Q2,209000
A0456,2025-Q3,209000
A0456,2025-Q4,553000
A0456,2026-Q1,553000
A0457,2025-Q1,189000
A0457,2025-Q2,189000
A0457,2025-Q3,189000
A0457,2025-Q4,189000
A0457,2026-Q1,195000
A0458,2025-Q1,191000
A0458,2025-Q2,227000
A0458,2025-Q3,227000
A0458,2025-Q4,227000
A0458,2026-Q1,227000
A0459,2025-Q1,190000
A0459,2025-Q2,190000
A0459,2025-Q3,190000
A0459,2025-Q4,233000
A0459,2026-Q1,233000
A0460,2025-Q1,122000
A0460,2025-Q2,122000
A0460,2025-Q3,122000
A0460,2025-Q4,134000
A0460,2026-Q1,134000
A0461,2025-Q1,65000
A0461,2025-Q2,72000
A0461,2025-Q3,72000
A0461,2025-Q4,72000
A0461,2026-Q1,72000
A0462,2025-Q1,251000
A0462,2025-Q2,251000
A0462,2025-Q3,293000
A0462,2025-Q4,350000
A0462,2026-Q1,350000
A0463,2025-Q1,120000
A0463,2025-Q2,120000
A0463,2025-Q3,120000
A0463,2025-Q4,120000
A0463,2026-Q1,120000
A0464,2025-Q1,143000
A0464,2025-Q2,143000
A0464,2025-Q3,143000
A0464,2025-Q4,143000
A0464,2026-Q1,253000
A0465,2025-Q1,104000
A0465,2025-Q2,104000
A0465,2025-Q3,104000
A0465,2025-Q4,104000
A0465,2026-Q1,434000
A0466,2025-Q1,200000
A0466,2025-Q2,200000
A0466,2025-Q3,211000
A0466,2025-Q4,211000
A0466,2026-Q1,211000
A0467,2025-Q1,83000
A0467,2025-Q2,164000
A0467,2025-Q3,164000
A0467,2025-Q4,164000
A0467,2026-Q1,0
A0468,2025-Q1,89000
A0468,2025-Q2,89000
A0468,2025-Q3,89000
A0468,2025-Q4,89000
A0468,2026-Q1,89000
A0469,2025-Q1,28000
A0469,2025-Q2,28000
A0469,2025-Q3,28000
A0469,2025-Q4,0
A0470,2025-Q1,30000
A0470,2025-Q2,30000
A0470,2025-Q3,30000
A0470,2025-Q4,30000
A0470,2026-Q1,30000
A0471,2025-Q1,168000
A0471,2025-Q2,296000
A0471,2025-Q3,296000
A0471,2025-Q4,296000
A0471,2026-Q1,296000
A0472,2025-Q1,251000
A0472,2025-Q2,251000
A0472,2025-Q3,251000
A0472,2025-Q4,251000
A0472,2026-Q1,283000
A0473,2025-Q1,222000
A0473,2025-Q2,222000
A0473,2025-Q3,243000
A0473,2025-Q4,243000
A0473,2026-Q1,243000
A0474,2025-Q1,156000
A0474,2025-Q2,156000
A0474,2025-Q3,156000
A0474,2025-Q4,161000
A0474,2026-Q1,161000
A0475,2025-Q1,15000
A0475,2025-Q2,196000
A0475,2025-Q3,196000
A0475,2025-Q4,196000
A0475,2026-Q1,196000
A0476,2025-Q1,90000
A0476,2025-Q2,195000
A0476,2025-Q3,195000
A0476,2025-Q4,195000
A0476,2026-Q1,195000
A0477,2025-Q1,148000
A0477,2025-Q2,148000
A0477,2025-Q3,148000
A0477,2025-Q4,156000
A0477,2026-Q1,156000
A0478,2025-Q1,119000
A0478,2025-Q2,119000
A0478,2025-Q3,119000
A0478,2025-Q4,119000
A0478,2026-Q1,204000
A0479,2025-Q1,101000
A0479,2025-Q2,101000
A0479,2025-Q3,285000
A0479,2025-Q4,298000
A0479,2026-Q1,298000
A0480,2025-Q1,36000
A0480,2025-Q2,36000
A0480,2025-Q3,36000
A0480,2025-Q4,36000
A0480,2026-Q1,36000
A0481,2025-Q1,49000
A0481,2025-Q2,101000
A0481,2025-Q3,101000
A0481,2025-Q4,101000
A0481,2026-Q1,101000
A0482,2025-Q1,20000
A0482,2025-Q2,20000
A0482,2025-Q3,20000
A0482,2025-Q4,20000
A0482,2026-Q1,25000
A0483,2025-Q1,24000
A0483,2025-Q2,24000
A0483,2025-Q3,24000
A0483,2025-Q4,24000
A0483,2026-Q1,58000
A0484,2025-Q1,74000
A0484,2025-Q2,74000
A0484,2025-Q3,74000
A0484,2025-Q4,74000
A0484,2026-Q1,0
A0485,2025-Q1,175000
A0485,2025-Q2,0
A0486,2025-Q1,70000
A0486,2025-Q2,70000
A0486,2025-Q3,95000
A0486,2025-Q4,95000
A0486,2026-Q1,95000
A0487,2025-Q1,31000
A0487,2025-Q2,60000
A0487,2025-Q3,60000
A0487,2025-Q4,60000
A0487,2026-Q1,60000
A0488,2025-Q1,163000
A0488,2025-Q2,235000
A0488,2025-Q3,235000
A0488,2025-Q4,235000
A0488,2026-Q1,235000
A0489,2025-Q1,188000
A0489,2025-Q2,188000
A0489,2025-Q3,453000
A0489,2025-Q4,453000
A0489,2026-Q1,453000
A0490,2025-Q1,77000
A0490,2025-Q2,77000
A0490,2025-Q3,77000
A0490,2025-Q4,77000
A0490,2026-Q1,77000
A0491,2025-Q1,92000
A0491,2025-Q2,92000
A0491,2025-Q3,92000
A0491,2025-Q4,92000
A0491,2026-Q1,92000
A0492,2025-Q1,238000
A0492,2025-Q2,238000
A0492,2025-Q3,592000
A0492,2025-Q4,592000
A0492,2026-Q1,592000
A0493,2025-Q1,282000
A0493,2025-Q2,282000
A0493,2025-Q3,282000
A0493,2025-Q4,282000
A0493,2026-Q1,282000
A0494,2025-Q1,184000
A0494,2025-Q2,184000
A0494,2025-Q3,184000
A0494,2025-Q4,453000
A0494,2026-Q1,453000
A0495,2025-Q1,136000
A0495,2025-Q2,136000
A0495,2025-Q3,404000
A0495,2025-Q4,151000
A0495,2026-Q1,151000
A0496,2025-Q1,64000
A0496,2025-Q2,0
A0497,2025-Q1,73000
A0497,2025-Q2,73000
A0497,2025-Q3,73000
A0497,2025-Q4,77000
A0497,2026-Q1,77000
A0498,2025-Q1,13000
A0498,2025-Q2,13000
A0498,2025-Q3,13000
A0498,2025-Q4,14000
A0498,2026-Q1,14000
A0499,2025-Q1,129000
A0499,2025-Q2,129000
A0499,2025-Q3,180000
A0499,2025-Q4,180000
A0499,2026-Q1,180000
A0500,2025-Q1,38000
A0500,2025-Q2,38000
A0500,2025-Q3,38000
A0500,2025-Q4,41000
A0500,2026-Q1,41000
A0501,2025-Q1,15000
A0501,2025-Q2,0
A0502,2025-Q1,35000
A0502,2025-Q2,35000
A0502,2025-Q3,35000
A0502,2025-Q4,96000
A0502,2026-Q1,96000
A0503,2025-Q1,72000
A0503,2025-Q2,0
A0504,2025-Q1,91000
A0504,2025-Q2,141000
A0504,2025-Q3,141000
A0504,2025-Q4,141000
A0504,2026-Q1,83000
A0505,2025-Q1,132000
A0505,2025-Q2,132000
A0505,2025-Q3,132000
A0505,2025-Q4,157000
A0505,2026-Q1,157000
A0506,2025-Q1,98000
A0506,2025-Q2,98000
A0506,2025-Q3,98000
A0506,2025-Q4,280000
A0506,2026-Q1,280000
A0507,2025-Q1,162000
A0507,2025-Q2,162000
A0507,2025-Q3,162000
A0507,2025-Q4,236000
A0507,2026-Q1,236000
A0508,2025-Q1,15000
A0508,2025-Q2,501000
A0508,2025-Q3,501000
A0508,2025-Q4,501000
A0508,2026-Q1,501000
A0509,2025-Q1,14000
A0509,2025-Q2,14000
A0509,2025-Q3,14000
A0509,2025-Q4,15000
A0509,2026-Q1,15000
A0510,2025-Q1,157000
A0510,2025-Q2,182000
A0510,2025-Q3,182000
A0510,2025-Q4,182000
A0510,2026-Q1,182000
A0511,2025-Q1,256000
A0511,2025-Q2,256000
A0511,2025-Q3,256000
A0511,2025-Q4,256000
A0511,2026-Q1,257000
A0512,2025-Q1,246000
A0512,2025-Q2,246000
A0512,2025-Q3,246000
A0512,2025-Q4,343000
A0512,2026-Q1,343000
A0513,2025-Q1,210000
A0513,2025-Q2,252000
A0513,2025-Q3,252000
A0513,2025-Q4,252000
A0513,2026-Q1,252000
A0514,2025-Q1,24000
A0514,2025-Q2,24000
A0514,2025-Q3,24000
A0514,2025-Q4,28000
A0514,2026-Q1,28000
A0515,2025-Q1,47000
A0515,2025-Q2,47000
A0515,2025-Q3,47000
A0515,2025-Q4,47000
A0515,2026-Q1,47000
A0516,2025-Q1,17000
A0516,2025-Q2,17000
A0516,2025-Q3,17000
A0516,2025-Q4,17000
A0516,2026-Q1,19000
A0517,2025-Q1,447000
A0517,2025-Q2,447000
A0517,2025-Q3,447000
A0517,2025-Q4,447000
A0517,2026-Q1,521000
A0518,2025-Q1,15000
A0518,2025-Q2,15000
A0518,2025-Q3,15000
A0518,2025-Q4,44000
A0518,2026-Q1,44000
A0519,2025-Q1,98000
A0519,2025-Q2,191000
A0519,2025-Q3,191000
A0519,2025-Q4,191000
A0519,2026-Q1,0
A0520,2025-Q1,16000
A0520,2025-Q2,16000
A0520,2025-Q3,16000
A0520,2025-Q4,47000
A0520,2026-Q1,47000
A0521,2025-Q1,207000
A0521,2025-Q2,207000
A0521,2025-Q3,207000
A0521,2025-Q4,207000
A0521,2026-Q1,207000
A0522,2025-Q1,41000
A0522,2025-Q2,41000
A0522,2025-Q3,41000
A0522,2025-Q4,41000
A0522,2026-Q1,41000
A0523,2025-Q1,80000
A0523,2025-Q2,80000
A0523,2025-Q3,80000
A0523,2025-Q4,80000
A0523,2026-Q1,93000
A0524,2025-Q1,360000
A0524,2025-Q2,360000
A0524,2025-Q3,360000
A0524,2025-Q4,360000
A0524,2026-Q1,132000
A0525,2025-Q1,27000
A0525,2025-Q2,42000
A0525,2025-Q3,42000
A0525,2025-Q4,42000
A0525,2026-Q1,0
A0526,2025-Q1,85000
A0526,2025-Q2,85000
A0526,2025-Q3,85000
A0526,2025-Q4,85000
A0526,2026-Q1,85000
A0527,2025-Q1,49000
A0527,2025-Q2,49000
A0527,2025-Q3,49000
A0527,2025-Q4,49000
A0527,2026-Q1,49000
A0528,2025-Q1,67000
A0528,2025-Q2,67000
A0528,2025-Q3,285000
A0528,2025-Q4,117000
A0528,2026-Q1,117000
A0529,2025-Q1,47000
A0529,2025-Q2,47000
A0529,2025-Q3,59000
A0529,2025-Q4,59000
A0529,2026-Q1,59000
A0530,2025-Q1,95000
A0530,2025-Q2,95000
A0530,2025-Q3,95000
A0530,2025-Q4,109000
A0530,2026-Q1,240000
A0531,2025-Q1,131000
A0531,2025-Q2,131000
A0531,2025-Q3,131000
A0531,2025-Q4,131000
A0531,2026-Q1,131000
A0532,2025-Q1,131000
A0532,2025-Q2,0
A0533,2025-Q1,73000
A0533,2025-Q2,73000
A0533,2025-Q3,73000
A0533,2025-Q4,132000
A0533,2026-Q1,132000
A0534,2025-Q1,68000
A0534,2025-Q2,68000
A0534,2025-Q3,68000
A0534,2025-Q4,68000
A0534,2026-Q1,74000
A0535,2025-Q1,181000
A0535,2025-Q2,181000
A0535,2025-Q3,396000
A0535,2025-Q4,396000
A0535,2026-Q1,396000
A0536,2025-Q1,261000
A0536,2025-Q2,284000
A0536,2025-Q3,740000
A0536,2025-Q4,753000
A0536,2026-Q1,753000
A0537,2025-Q1,11000
A0537,2025-Q2,28000
A0537,2025-Q3,28000
A0537,2025-Q4,28000
A0537,2026-Q1,48000
A0538,2025-Q1,50000
A0538,2025-Q2,52000
A0538,2025-Q3,52000
A0538,2025-Q4,286000
A0538,2026-Q1,286000
A0539,2025-Q1,13000
A0539,2025-Q2,13000
A0539,2025-Q3,21000
A0539,2025-Q4,21000
A0539,2026-Q1,21000
A0540,2025-Q1,115000
A0540,2025-Q2,146000
A0540,2025-Q3,146000
A0540,2025-Q4,146000
A0540,2026-Q1,146000
A0541,2025-Q1,23000
A0541,2025-Q2,62000
A0541,2025-Q3,62000
A0541,2025-Q4,62000
A0541,2026-Q1,62000
A0542,2025-Q1,242000
A0542,2025-Q2,242000
A0542,2025-Q3,0
A0543,2025-Q1,27000
A0543,2025-Q2,27000
A0543,2025-Q3,122000
A0543,2025-Q4,0
A0544,2025-Q1,228000
A0544,2025-Q2,440000
A0544,2025-Q3,440000
A0544,2025-Q4,440000
A0544,2026-Q1,440000
A0545,2025-Q1,122000
A0545,2025-Q2,134000
A0545,2025-Q3,134000
A0545,2025-Q4,134000
A0545,2026-Q1,134000
A0546,2025-Q1,124000
A0546,2025-Q2,124000
A0546,2025-Q3,368000
A0546,2025-Q4,368000
A0546,2026-Q1,368000
A0547,2025-Q1,36000
A0547,2025-Q2,36000
A0547,2025-Q3,36000
A0547,2025-Q4,36000
A0547,2026-Q1,0
A0548,2025-Q1,94000
A0548,2025-Q2,94000
A0548,2025-Q3,130000
A0548,2025-Q4,101000
A0548,2026-Q1,101000
A0549,2025-Q1,233000
A0549,2025-Q2,233000
A0549,2025-Q3,233000
A0549,2025-Q4,468000
A0549,2026-Q1,468000
A0550,2025-Q1,269000
A0550,2025-Q2,569000
A0550,2025-Q3,569000
A0550,2025-Q4,569000
A0550,2026-Q1,569000
A0551,2025-Q1,85000
A0551,2025-Q2,85000
A0551,2025-Q3,85000
A0551,2025-Q4,239000
A0551,2026-Q1,239000
A0552,2025-Q1,55000
A0552,2025-Q2,55000
A0552,2025-Q3,136000
A0552,2025-Q4,136000
A0552,2026-Q1,136000
A0553,2025-Q1,199000
A0553,2025-Q2,199000
A0553,2025-Q3,199000
A0553,2025-Q4,199000
A0553,2026-Q1,391000
A0554,2025-Q1,174000
A0554,2025-Q2,174000
A0554,2025-Q3,429000
A0554,2025-Q4,429000
A0554,2026-Q1,429000
A0555,2025-Q1,80000
A0555,2025-Q2,80000
A0555,2025-Q3,80000
A0555,2025-Q4,99000
A0555,2026-Q1,0
A0556,2025-Q1,174000
A0556,2025-Q2,253000
A0556,2025-Q3,253000
A0556,2025-Q4,253000
A0556,2026-Q1,253000
A0557,2025-Q1,153000
A0557,2025-Q2,153000
A0557,2025-Q3,153000
A0557,2025-Q4,153000
A0557,2026-Q1,153000
A0558,2025-Q1,226000
A0558,2025-Q2,226000
A0558,2025-Q3,284000
A0558,2025-Q4,284000
A0558,2026-Q1,348000
A0559,2025-Q1,124000
A0559,2025-Q2,243000
A0559,2025-Q3,243000
A0559,2025-Q4,243000
A0559,2026-Q1,243000
A0560,2025-Q1,219000
A0560,2025-Q2,220000
A0560,2025-Q3,220000
A0560,2025-Q4,220000
A0560,2026-Q1,233000
A0561,2025-Q1,226000
A0561,2025-Q2,226000
A0561,2025-Q3,573000
A0561,2025-Q4,586000
A0561,2026-Q1,586000
A0562,2025-Q1,22000
A0562,2025-Q2,42000
A0562,2025-Q3,42000
A0562,2025-Q4,42000
A0562,2026-Q1,42000
A0563,2025-Q1,54000
A0563,2025-Q2,54000
A0563,2025-Q3,54000
A0563,2025-Q4,140000
A0563,2026-Q1,140000
A0564,2025-Q1,279000
A0564,2025-Q2,310000
A0564,2025-Q3,310000
A0564,2025-Q4,310000
A0564,2026-Q1,632000
A0565,2025-Q1,18000
A0565,2025-Q2,18000
A0565,2025-Q3,18000
A0565,2025-Q4,18000
A0565,2026-Q1,18000
A0566,2025-Q1,358000
A0566,2025-Q2,358000
A0566,2025-Q3,358000
A0566,2025-Q4,358000
A0566,2026-Q1,358000
A0567,2025-Q1,22000
A0567,2025-Q2,28000
A0567,2025-Q3,28000
A0567,2025-Q4,28000
A0567,2026-Q1,28000
A0568,2025-Q1,88000
A0568,2025-Q2,88000
A0568,2025-Q3,88000
A0568,2025-Q4,88000
A0568,2026-Q1,88000
A0569,2025-Q1,38000
A0569,2025-Q2,38000
A0569,2025-Q3,38000
A0569,2025-Q4,38000
A0569,2026-Q1,38000
A0570,2025-Q1,91000
A0570,2025-Q2,91000
A0570,2025-Q3,247000
A0570,2025-Q4,247000
A0570,2026-Q1,247000
A0571,2025-Q1,0
A0572,2025-Q1,117000
A0572,2025-Q2,205000
A0572,2025-Q3,205000
A0572,2025-Q4,205000
A0572,2026-Q1,205000
A0573,2025-Q1,245000
A0573,2025-Q2,245000
A0573,2025-Q3,245000
A0573,2025-Q4,245000
A0573,2026-Q1,544000
A0574,2025-Q1,36000
A0574,2025-Q2,36000
A0574,2025-Q3,36000
A0574,2025-Q4,36000
A0574,2026-Q1,36000
A0575,2025-Q1,226000
A0575,2025-Q2,226000
A0575,2025-Q3,226000
A0575,2025-Q4,226000
A0575,2026-Q1,226000
A0576,2025-Q1,206000
A0576,2025-Q2,206000
A0576,2025-Q3,470000
A0576,2025-Q4,649000
A0576,2026-Q1,649000
A0577,2025-Q1,398000
A0577,2025-Q2,398000
A0577,2025-Q3,398000
A0577,2025-Q4,398000
A0577,2026-Q1,398000
A0578,2025-Q1,202000
A0578,2025-Q2,202000
A0578,2025-Q3,365000
A0578,2025-Q4,365000
A0578,2026-Q1,365000
A0579,2025-Q1,34000
A0579,2025-Q2,34000
A0579,2025-Q3,34000
A0579,2025-Q4,49000
A0579,2026-Q1,49000
A0580,2025-Q1,45000
A0580,2025-Q2,46000
A0580,2025-Q3,46000
A0580,2025-Q4,46000
A0580,2026-Q1,46000
A0581,2025-Q1,49000
A0581,2025-Q2,49000
A0581,2025-Q3,49000
A0581,2025-Q4,125000
A0581,2026-Q1,125000
A0582,2025-Q1,249000
A0582,2025-Q2,249000
A0582,2025-Q3,249000
A0582,2025-Q4,249000
A0582,2026-Q1,395000
A0583,2025-Q1,23000
A0583,2025-Q2,23000
A0583,2025-Q3,23000
A0583,2025-Q4,37000
A0583,2026-Q1,37000
A0584,2025-Q1,155000
A0584,2025-Q2,155000
A0584,2025-Q3,155000
A0584,2025-Q4,155000
A0584,2026-Q1,155000
A0585,2025-Q1,193000
A0585,2025-Q2,193000
A0585,2025-Q3,193000
A0585,2025-Q4,193000
A0585,2026-Q1,197000
A0586,2025-Q1,228000
A0586,2025-Q2,228000
A0586,2025-Q3,468000
A0586,2025-Q4,468000
A0586,2026-Q1,468000
A0587,2025-Q1,300000
A0587,2025-Q2,300000
A0587,2025-Q3,300000
A0587,2025-Q4,139000
A0587,2026-Q1,139000
A0588,2025-Q1,31000
A0588,2025-Q2,169000
A0588,2025-Q3,169000
A0588,2025-Q4,169000
A0588,2026-Q1,74000
A0589,2025-Q1,259000
A0589,2025-Q2,273000
A0589,2025-Q3,273000
A0589,2025-Q4,273000
A0589,2026-Q1,261000
A0590,2025-Q1,14000
A0590,2025-Q2,14000
A0590,2025-Q3,14000
A0590,2025-Q4,14000
A0590,2026-Q1,14000
A0591,2025-Q1,141000
A0591,2025-Q2,141000
A0591,2025-Q3,150000
A0591,2025-Q4,150000
A0591,2026-Q1,150000
A0592,2025-Q1,37000
A0592,2025-Q2,97000
A0592,2025-Q3,40000
A0592,2025-Q4,40000
A0592,2026-Q1,40000
A0593,2025-Q1,87000
A0593,2025-Q2,87000
A0593,2025-Q3,87000
A0593,2025-Q4,104000
A0593,2026-Q1,104000
A0594,2025-Q1,299000
A0594,2025-Q2,299000
A0594,2025-Q3,299000
A0594,2025-Q4,299000
A0594,2026-Q1,299000
A0595,2025-Q1,265000
A0595,2025-Q2,265000
A0595,2025-Q3,265000
A0595,2025-Q4,470000
A0595,2026-Q1,556000
A0596,2025-Q1,86000
A0596,2025-Q2,86000
A0596,2025-Q3,86000
A0596,2025-Q4,95000
A0596,2026-Q1,95000
A0597,2025-Q1,31000
A0597,2025-Q2,31000
A0597,2025-Q3,37000
A0597,2025-Q4,37000
A0597,2026-Q1,37000
A0598,2025-Q1,199000
A0598,2025-Q2,199000
A0598,2025-Q3,199000
A0598,2025-Q4,199000
A0598,2026-Q1,199000
A0599,2025-Q1,138000
A0599,2025-Q2,138000
A0599,2025-Q3,138000
A0599,2025-Q4,333000
A0599,2026-Q1,333000
A0600,2025-Q1,266000
A0600,2025-Q2,266000
A0600,2025-Q3,266000
A0600,2025-Q4,266000
A0600,2026-Q1,304000
A0601,2025-Q1,39000
A0601,2025-Q2,39000
A0601,2025-Q3,39000
A0601,2025-Q4,39000
A0601,2026-Q1,44000
A0602,2025-Q1,252000
A0602,2025-Q2,252000
A0602,2025-Q3,257000
A0602,2025-Q4,257000
A0602,2026-Q1,257000
A0603,2025-Q1,27000
A0603,2025-Q2,27000
A0603,2025-Q3,58000
A0603,2025-Q4,37000
A0603,2026-Q1,37000
A0604,2025-Q1,116000
A0604,2025-Q2,116000
A0604,2025-Q3,116000
A0604,2025-Q4,116000
A0604,2026-Q1,116000
A0605,2025-Q1,328000
A0605,2025-Q2,328000
A0605,2025-Q3,328000
A0605,2025-Q4,328000
A0605,2026-Q1,328000
A0606,2025-Q1,119000
A0606,2025-Q2,119000
A0606,2025-Q3,119000
A0606,2025-Q4,119000
A0606,2026-Q1,0
A0607,2025-Q1,225000
A0607,2025-Q2,225000
A0607,2025-Q3,225000
A0607,2025-Q4,364000
A0607,2026-Q1,364000
A0608,2025-Q1,140000
A0608,2025-Q2,140000
A0608,2025-Q3,140000
A0608,2025-Q4,266000
A0608,2026-Q1,0
A0609,2025-Q1,84000
A0609,2025-Q2,84000
A0609,2025-Q3,84000
A0609,2025-Q4,114000
A0609,2026-Q1,127000
A0610,2025-Q1,236000
A0610,2025-Q2,250000
A0610,2025-Q3,250000
A0610,2025-Q4,250000
A0610,2026-Q1,313000
A0611,2025-Q1,38000
A0611,2025-Q2,38000
A0611,2025-Q3,54000
A0611,2025-Q4,54000
A0611,2026-Q1,54000
A0612,2025-Q1,46000
A0612,2025-Q2,46000
A0612,2025-Q3,50000
A0612,2025-Q4,50000
A0612,2026-Q1,50000
A0613,2025-Q1,226000
A0613,2025-Q2,226000
A0613,2025-Q3,226000
A0613,2025-Q4,226000
A0613,2026-Q1,228000
A0614,2025-Q1,89000
A0614,2025-Q2,89000
A0614,2025-Q3,89000
A0614,2025-Q4,91000
A0614,2026-Q1,91000
A0615,2025-Q1,224000
A0615,2025-Q2,263000
A0615,2025-Q3,263000
A0615,2025-Q4,263000
A0615,2026-Q1,263000
A0616,2025-Q1,38000
A0616,2025-Q2,38000
A0616,2025-Q3,38000
A0616,2025-Q4,131000
A0616,2026-Q1,62000
A0617,2025-Q1,186000
A0617,2025-Q2,186000
A0617,2025-Q3,0
A0618,2025-Q1,270000
A0618,2025-Q2,270000
A0618,2025-Q3,270000
A0618,2025-Q4,270000
A0618,2026-Q1,270000
A0619,2025-Q1,75000
A0619,2025-Q2,75000
A0619,2025-Q3,75000
A0619,2025-Q4,78000
A0619,2026-Q1,78000
A0620,2025-Q1,43000
A0620,2025-Q2,43000
A0620,2025-Q3,53000
A0620,2025-Q4,53000
A0620,2026-Q1,53000
A0621,2025-Q1,89000
A0621,2025-Q2,89000
A0621,2025-Q3,89000
A0621,2025-Q4,149000
A0621,2026-Q1,251000
A0622,2025-Q1,47000
A0622,2025-Q2,47000
A0622,2025-Q3,47000
A0622,2025-Q4,0
A0623,2025-Q1,187000
A0623,2025-Q2,187000
A0623,2025-Q3,187000
A0623,2025-Q4,187000
A0623,2026-Q1,187000
A0624,2025-Q1,22000
A0624,2025-Q2,152000
A0624,2025-Q3,152000
A0624,2025-Q4,24000
A0624,2026-Q1,24000
A0625,2025-Q1,112000
A0625,2025-Q2,112000
A0625,2025-Q3,112000
A0625,2025-Q4,112000
A0625,2026-Q1,173000
A0626,2025-Q1,62000
A0626,2025-Q2,62000
A0626,2025-Q3,62000
A0626,2025-Q4,62000
A0626,2026-Q1,62000
